DATA_FREE,CHECK_TIME,TABLE_ROWS,CHECKSUM,CREATE_TIME,DATA_LENGTH,UPDATE_TIME,NODEGROUP,INDEX_LENGTH,TABLE_SCHEMA,TABLE_NAME,TABLE_CATALOG,PARTITION_NAME,MAX_DATA_LENGTH,TABLESPACE_NAME,PARTITION_METHOD,AVG_ROW_LENGTH,PARTITION_COMMENT,SUBPARTITION_NAME,SUBPARTITION_METHOD,PARTITION_EXPRESSION,PARTITION_DESCRIPTION,SUBPARTITION_EXPRESSION,PARTITION_ORDINAL_POSITION,SUBPARTITION_ORDINAL_POSITION
0,NULL,0,NULL,2025-05-13 12:42:47,8192,2025-05-13 12:42:47,<blank>,8192,information_schema,ALL_PLUGINS,def,NULL,4503599627288576,NULL,NULL,0,<blank>,NULL,NULL,NULL,NULL,NULL,NULL,NULL
0,NULL,0,NULL,2025-05-13 12:42:47,0,NULL,<blank>,0,information_schema,APPLICABLE_ROLES,def,NULL,16743935,NULL,NULL,1565,<blank>,NULL,NULL,NULL,NULL,NULL,NULL,NULL
0,NULL,0,NULL,2025-05-13 12:42:47,0,NULL,<blank>,0,information_schema,CHARACTER_SETS,def,NULL,16433664,NULL,NULL,384,<blank>,NULL,NULL,NULL,NULL,NULL,NULL,NULL
0,NULL,0,NULL,2025-05-13 12:42:47,8192,2025-05-13 12:42:47,<blank>,8192,information_schema,CHECK_CONSTRAINTS,def,NULL,4503599627288576,NULL,NULL,0,<blank>,NULL,NULL,NULL,NULL,NULL,NULL,NULL
0,NULL,0,NULL,2025-05-13 12:42:47,0,NULL,<blank>,0,information_schema,COLLATIONS,def,NULL,16703841,NULL,NULL,231,<blank>,NULL,NULL,NULL,NULL,NULL,NULL,NULL
0,NULL,0,NULL,2025-05-13 12:42:47,0,NULL,<blank>,0,information_schema,COLLATION_CHARACTER_SET_APPLICABILITY,def,NULL,16356600,NULL,NULL,195,<blank>,NULL,NULL,NULL,NULL,NULL,NULL,NULL
0,NULL,0,NULL,2025-05-13 12:42:47,8192,2025-05-13 12:42:47,<blank>,8192,information_schema,COLUMNS,def,NULL,4503599627288576,NULL,NULL,0,<blank>,NULL,NULL,NULL,NULL,NULL,NULL,NULL
0,NULL,0,NULL,2025-05-13 12:42:47,0,NULL,<blank>,0,information_schema,COLUMN_PRIVILEGES,def,NULL,16763960,NULL,NULL,3478,<blank>,NULL,NULL,NULL,NULL,NULL,NULL,NULL
0,NULL,0,NULL,2025-05-13 12:42:47,0,NULL,<blank>,0,information_schema,ENABLED_ROLES,def,NULL,16604848,NULL,NULL,388,<blank>,NULL,NULL,NULL,NULL,NULL,NULL,NULL
0,NULL,0,NULL,2025-05-13 12:42:47,0,NULL,<blank>,0,information_schema,ENGINES,def,NULL,16684476,NULL,NULL,732,<blank>,NULL,NULL,NULL,NULL,NULL,NULL,NULL
0,NULL,0,NULL,2025-05-13 12:42:47,8192,2025-05-13 12:42:47,<blank>,8192,information_schema,EVENTS,def,NULL,4503599627288576,NULL,NULL,0,<blank>,NULL,NULL,NULL,NULL,NULL,NULL,NULL
0,NULL,0,NULL,2025-05-13 12:42:47,0,NULL,<blank>,0,information_schema,FILES,def,NULL,16756740,NULL,NULL,4004,<blank>,NULL,NULL,NULL,NULL,NULL,NULL,NULL
0,NULL,0,NULL,2025-05-13 12:42:47,0,NULL,<blank>,0,information_schema,GLOBAL_STATUS,def,NULL,16766012,NULL,NULL,12484,<blank>,NULL,NULL,NULL,NULL,NULL,NULL,NULL
0,NULL,0,NULL,2025-05-13 12:42:47,0,NULL,<blank>,0,information_schema,GLOBAL_VARIABLES,def,NULL,16766012,NULL,NULL,12484,<blank>,NULL,NULL,NULL,NULL,NULL,NULL,NULL
0,NULL,0,NULL,2025-05-13 12:42:47,0,NULL,<blank>,0,information_schema,KEYWORDS,def,NULL,16356600,NULL,NULL,195,<blank>,NULL,NULL,NULL,NULL,NULL,NULL,NULL
0,NULL,0,NULL,2025-05-13 12:42:47,0,NULL,<blank>,0,information_schema,KEY_CACHES,def,NULL,16674900,NULL,NULL,660,<blank>,NULL,NULL,NULL,NULL,NULL,NULL,NULL
0,NULL,0,NULL,2025-05-13 12:42:47,0,NULL,<blank>,0,information_schema,KEY_COLUMN_USAGE,def,NULL,16766370,NULL,NULL,4638,<blank>,NULL,NULL,NULL,NULL,NULL,NULL,NULL
0,NULL,0,NULL,2025-05-13 12:42:47,8192,2025-05-13 12:42:47,<blank>,8192,information_schema,OPTIMIZER_TRACE,def,NULL,4503599627288576,NULL,NULL,0,<blank>,NULL,NULL,NULL,NULL,NULL,NULL,NULL
0,NULL,0,NULL,2025-05-13 12:42:47,8192,2025-05-13 12:42:47,<blank>,8192,information_schema,PARAMETERS,def,NULL,4503599627288576,NULL,NULL,0,<blank>,NULL,NULL,NULL,NULL,NULL,NULL,NULL
0,NULL,0,NULL,2025-05-13 12:42:47,8192,2025-05-13 12:42:47,<blank>,8192,information_schema,PARTITIONS,def,NULL,4503599627288576,NULL,NULL,0,<blank>,NULL,NULL,NULL,NULL,NULL,NULL,NULL
0,NULL,0,NULL,2025-05-13 12:42:47,8192,2025-05-13 12:42:47,<blank>,8192,information_schema,PLUGINS,def,NULL,4503599627288576,NULL,NULL,0,<blank>,NULL,NULL,NULL,NULL,NULL,NULL,NULL
0,NULL,0,NULL,2025-05-13 12:42:47,8192,2025-05-13 12:42:47,<blank>,8192,information_schema,PROCESSLIST,def,NULL,4503599627288576,NULL,NULL,0,<blank>,NULL,NULL,NULL,NULL,NULL,NULL,NULL
0,NULL,0,NULL,2025-05-13 12:42:47,0,NULL,<blank>,0,information_schema,PROFILING,def,NULL,16614621,NULL,NULL,309,<blank>,NULL,NULL,NULL,NULL,NULL,NULL,NULL
0,NULL,0,NULL,2025-05-13 12:42:47,0,NULL,<blank>,0,information_schema,REFERENTIAL_CONSTRAINTS,def,NULL,16770645,NULL,NULL,4815,<blank>,NULL,NULL,NULL,NULL,NULL,NULL,NULL
0,NULL,0,NULL,2025-05-13 12:42:47,8192,2025-05-13 12:42:47,<blank>,8192,information_schema,ROUTINES,def,NULL,4503599627288576,NULL,NULL,0,<blank>,NULL,NULL,NULL,NULL,NULL,NULL,NULL
0,NULL,0,NULL,2025-05-13 12:42:47,0,NULL,<blank>,0,information_schema,SCHEMATA,def,NULL,16759457,NULL,NULL,6539,<blank>,NULL,NULL,NULL,NULL,NULL,NULL,NULL
0,NULL,0,NULL,2025-05-13 12:42:47,0,NULL,<blank>,0,information_schema,SCHEMA_PRIVILEGES,def,NULL,16752456,NULL,NULL,3092,<blank>,NULL,NULL,NULL,NULL,NULL,NULL,NULL
0,NULL,0,NULL,2025-05-13 12:42:47,0,NULL,<blank>,0,information_schema,SESSION_STATUS,def,NULL,16766012,NULL,NULL,12484,<blank>,NULL,NULL,NULL,NULL,NULL,NULL,NULL
0,NULL,0,NULL,2025-05-13 12:42:47,0,NULL,<blank>,0,information_schema,SESSION_VARIABLES,def,NULL,16766012,NULL,NULL,12484,<blank>,NULL,NULL,NULL,NULL,NULL,NULL,NULL
0,NULL,0,NULL,2025-05-13 12:42:47,0,NULL,<blank>,0,information_schema,STATISTICS,def,NULL,16750080,NULL,NULL,5760,<blank>,NULL,NULL,NULL,NULL,NULL,NULL,NULL
0,NULL,0,NULL,2025-05-13 12:42:47,0,NULL,<blank>,0,information_schema,SQL_FUNCTIONS,def,NULL,16356600,NULL,NULL,195,<blank>,NULL,NULL,NULL,NULL,NULL,NULL,NULL
0,NULL,0,NULL,2025-05-13 12:42:47,8192,2025-05-13 12:42:47,<blank>,8192,information_schema,SYSTEM_VARIABLES,def,NULL,4503599627288576,NULL,NULL,0,<blank>,NULL,NULL,NULL,NULL,NULL,NULL,NULL
0,NULL,0,NULL,2025-05-13 12:42:47,0,NULL,<blank>,0,information_schema,TABLES,def,NULL,16761290,NULL,NULL,14833,<blank>,NULL,NULL,NULL,NULL,NULL,NULL,NULL
0,NULL,0,NULL,2025-05-13 12:42:47,0,NULL,<blank>,0,information_schema,TABLESPACES,def,NULL,16754320,NULL,NULL,6952,<blank>,NULL,NULL,NULL,NULL,NULL,NULL,NULL
0,NULL,0,NULL,2025-05-13 12:42:47,0,NULL,<blank>,0,information_schema,TABLE_CONSTRAINTS,def,NULL,16721712,NULL,NULL,2504,<blank>,NULL,NULL,NULL,NULL,NULL,NULL,NULL
0,NULL,0,NULL,2025-05-13 12:42:47,0,NULL,<blank>,0,information_schema,TABLE_PRIVILEGES,def,NULL,16760070,NULL,NULL,3285,<blank>,NULL,NULL,NULL,NULL,NULL,NULL,NULL
0,NULL,0,NULL,2025-05-13 12:42:47,8192,2025-05-13 12:42:47,<blank>,8192,information_schema,TRIGGERS,def,NULL,4503599627288576,NULL,NULL,0,<blank>,NULL,NULL,NULL,NULL,NULL,NULL,NULL
0,NULL,0,NULL,2025-05-13 12:42:47,0,NULL,<blank>,0,information_schema,USER_PRIVILEGES,def,NULL,16744624,NULL,NULL,2899,<blank>,NULL,NULL,NULL,NULL,NULL,NULL,NULL
0,NULL,0,NULL,2025-05-13 12:42:47,8192,2025-05-13 12:42:47,<blank>,8192,information_schema,VIEWS,def,NULL,4503599627288576,NULL,NULL,0,<blank>,NULL,NULL,NULL,NULL,NULL,NULL,NULL
0,NULL,0,NULL,2025-05-13 12:42:47,0,NULL,<blank>,0,information_schema,CLIENT_STATISTICS,def,NULL,16519256,NULL,NULL,386,<blank>,NULL,NULL,NULL,NULL,NULL,NULL,NULL
0,NULL,0,NULL,2025-05-13 12:42:47,0,NULL,<blank>,0,information_schema,INDEX_STATISTICS,def,NULL,16765917,NULL,NULL,1743,<blank>,NULL,NULL,NULL,NULL,NULL,NULL,NULL
0,NULL,0,NULL,2025-05-13 12:42:47,0,NULL,<blank>,0,information_schema,INNODB_FT_CONFIG,def,NULL,16704169,NULL,NULL,1163,<blank>,NULL,NULL,NULL,NULL,NULL,NULL,NULL
0,NULL,0,NULL,2025-05-13 12:42:47,0,NULL,<blank>,0,information_schema,GEOMETRY_COLUMNS,def,NULL,16759556,NULL,NULL,4244,<blank>,NULL,NULL,NULL,NULL,NULL,NULL,NULL
0,NULL,0,NULL,2025-05-13 12:42:47,0,NULL,<blank>,0,information_schema,INNODB_SYS_TABLESTATS,def,NULL,16383000,NULL,NULL,250,<blank>,NULL,NULL,NULL,NULL,NULL,NULL,NULL
0,NULL,0,NULL,2025-05-13 12:42:47,0,NULL,<blank>,0,information_schema,SPATIAL_REF_SYS,def,NULL,16758689,NULL,NULL,7691,<blank>,NULL,NULL,NULL,NULL,NULL,NULL,NULL
0,NULL,0,NULL,2025-05-13 12:42:47,0,NULL,<blank>,0,information_schema,USER_STATISTICS,def,NULL,16746345,NULL,NULL,567,<blank>,NULL,NULL,NULL,NULL,NULL,NULL,NULL
0,NULL,0,NULL,2025-05-13 12:42:47,0,NULL,<blank>,0,information_schema,INNODB_TRX,def,NULL,16767550,NULL,NULL,4430,<blank>,NULL,NULL,NULL,NULL,NULL,NULL,NULL
0,NULL,0,NULL,2025-05-13 12:42:47,0,NULL,<blank>,0,information_schema,INNODB_CMP_PER_INDEX,def,NULL,16555200,NULL,NULL,600,<blank>,NULL,NULL,NULL,NULL,NULL,NULL,NULL
0,NULL,0,NULL,2025-05-13 12:42:47,0,NULL,<blank>,0,information_schema,INNODB_METRICS,def,NULL,16757310,NULL,NULL,1830,<blank>,NULL,NULL,NULL,NULL,NULL,NULL,NULL
0,NULL,0,NULL,2025-05-13 12:42:47,0,NULL,<blank>,0,information_schema,INNODB_FT_DELETED,def,NULL,9436608,NULL,NULL,9,<blank>,NULL,NULL,NULL,NULL,NULL,NULL,NULL
0,NULL,0,NULL,2025-05-13 12:42:47,0,NULL,<blank>,0,information_schema,INNODB_CMP,def,NULL,13106400,NULL,NULL,25,<blank>,NULL,NULL,NULL,NULL,NULL,NULL,NULL
0,NULL,0,NULL,2025-05-13 12:42:47,0,NULL,<blank>,0,information_schema,THREAD_POOL_WAITS,def,NULL,15203424,NULL,NULL,58,<blank>,NULL,NULL,NULL,NULL,NULL,NULL,NULL
0,NULL,0,NULL,2025-05-13 12:42:47,0,NULL,<blank>,0,information_schema,INNODB_CMP_RESET,def,NULL,13106400,NULL,NULL,25,<blank>,NULL,NULL,NULL,NULL,NULL,NULL,NULL
0,NULL,0,NULL,2025-05-13 12:42:47,0,NULL,<blank>,0,information_schema,THREAD_POOL_QUEUES,def,NULL,15727680,NULL,NULL,30,<blank>,NULL,NULL,NULL,NULL,NULL,NULL,NULL
0,NULL,0,NULL,2025-05-13 12:42:47,0,NULL,<blank>,0,information_schema,TABLE_STATISTICS,def,NULL,16733589,NULL,NULL,1181,<blank>,NULL,NULL,NULL,NULL,NULL,NULL,NULL
0,NULL,0,NULL,2025-05-13 12:42:47,0,NULL,<blank>,0,information_schema,INNODB_SYS_FIELDS,def,NULL,16614724,NULL,NULL,206,<blank>,NULL,NULL,NULL,NULL,NULL,NULL,NULL
0,NULL,0,NULL,2025-05-13 12:42:47,0,NULL,<blank>,0,information_schema,INNODB_BUFFER_PAGE_LRU,def,NULL,16770008,NULL,NULL,3559,<blank>,NULL,NULL,NULL,NULL,NULL,NULL,NULL
0,NULL,0,NULL,2025-05-13 12:42:47,0,NULL,<blank>,0,information_schema,INNODB_LOCKS,def,NULL,16767754,NULL,NULL,30994,<blank>,NULL,NULL,NULL,NULL,NULL,NULL,NULL
0,NULL,0,NULL,2025-05-13 12:42:47,0,NULL,<blank>,0,information_schema,INNODB_FT_INDEX_TABLE,def,NULL,16743844,NULL,NULL,1054,<blank>,NULL,NULL,NULL,NULL,NULL,NULL,NULL
0,NULL,0,NULL,2025-05-13 12:42:47,0,NULL,<blank>,0,information_schema,INNODB_CMPMEM,def,NULL,15203424,NULL,NULL,29,<blank>,NULL,NULL,NULL,NULL,NULL,NULL,NULL
0,NULL,0,NULL,2025-05-13 12:42:47,0,NULL,<blank>,0,information_schema,THREAD_POOL_GROUPS,def,NULL,14154912,NULL,NULL,27,<blank>,NULL,NULL,NULL,NULL,NULL,NULL,NULL
0,NULL,0,NULL,2025-05-13 12:42:47,0,NULL,<blank>,0,information_schema,INNODB_CMP_PER_INDEX_RESET,def,NULL,16555200,NULL,NULL,600,<blank>,NULL,NULL,NULL,NULL,NULL,NULL,NULL
0,NULL,0,NULL,2025-05-13 12:42:47,0,NULL,<blank>,0,information_schema,INNODB_SYS_FOREIGN_COLS,def,NULL,16706736,NULL,NULL,972,<blank>,NULL,NULL,NULL,NULL,NULL,NULL,NULL
0,NULL,0,NULL,2025-05-13 12:42:47,0,NULL,<blank>,0,information_schema,INNODB_FT_INDEX_CACHE,def,NULL,16743844,NULL,NULL,1054,<blank>,NULL,NULL,NULL,NULL,NULL,NULL,NULL
0,NULL,0,NULL,2025-05-13 12:42:47,0,NULL,<blank>,0,information_schema,INNODB_BUFFER_POOL_STATS,def,NULL,16269975,NULL,NULL,225,<blank>,NULL,NULL,NULL,NULL,NULL,NULL,NULL
0,NULL,0,NULL,2025-05-13 12:42:47,0,NULL,<blank>,0,information_schema,INNODB_FT_BEING_DELETED,def,NULL,9436608,NULL,NULL,9,<blank>,NULL,NULL,NULL,NULL,NULL,NULL,NULL
0,NULL,0,NULL,2025-05-13 12:42:47,0,NULL,<blank>,0,information_schema,INNODB_SYS_FOREIGN,def,NULL,16698312,NULL,NULL,1752,<blank>,NULL,NULL,NULL,NULL,NULL,NULL,NULL
0,NULL,0,NULL,2025-05-13 12:42:47,0,NULL,<blank>,0,information_schema,INNODB_CMPMEM_RESET,def,NULL,15203424,NULL,NULL,29,<blank>,NULL,NULL,NULL,NULL,NULL,NULL,NULL
0,NULL,0,NULL,2025-05-13 12:42:47,0,NULL,<blank>,0,information_schema,INNODB_FT_DEFAULT_STOPWORD,def,NULL,14679168,NULL,NULL,56,<blank>,NULL,NULL,NULL,NULL,NULL,NULL,NULL
0,NULL,0,NULL,2025-05-13 12:42:47,0,NULL,<blank>,0,information_schema,INNODB_SYS_TABLES,def,NULL,16734060,NULL,NULL,1995,<blank>,NULL,NULL,NULL,NULL,NULL,NULL,NULL
0,NULL,0,NULL,2025-05-13 12:42:47,0,NULL,<blank>,0,information_schema,INNODB_SYS_COLUMNS,def,NULL,16626246,NULL,NULL,222,<blank>,NULL,NULL,NULL,NULL,NULL,NULL,NULL
0,NULL,0,NULL,2025-05-13 12:42:47,0,NULL,<blank>,0,information_schema,INNODB_SYS_TABLESPACES,def,NULL,16764294,NULL,NULL,3606,<blank>,NULL,NULL,NULL,NULL,NULL,NULL,NULL
0,NULL,0,NULL,2025-05-13 12:42:47,0,NULL,<blank>,0,information_schema,INNODB_SYS_INDEXES,def,NULL,16703841,NULL,NULL,231,<blank>,NULL,NULL,NULL,NULL,NULL,NULL,NULL
0,NULL,0,NULL,2025-05-13 12:42:47,0,NULL,<blank>,0,information_schema,INNODB_BUFFER_PAGE,def,NULL,16755872,NULL,NULL,3556,<blank>,NULL,NULL,NULL,NULL,NULL,NULL,NULL
0,NULL,0,NULL,2025-05-13 12:42:47,0,NULL,<blank>,0,information_schema,INNODB_SYS_VIRTUAL,def,NULL,11883136,NULL,NULL,17,<blank>,NULL,NULL,NULL,NULL,NULL,NULL,NULL
0,NULL,0,NULL,2025-05-13 12:42:47,0,NULL,<blank>,0,information_schema,user_variables,def,NULL,16769799,NULL,NULL,6631,<blank>,NULL,NULL,NULL,NULL,NULL,NULL,NULL
0,NULL,0,NULL,2025-05-13 12:42:47,0,NULL,<blank>,0,information_schema,INNODB_TABLESPACES_ENCRYPTION,def,NULL,16750173,NULL,NULL,2013,<blank>,NULL,NULL,NULL,NULL,NULL,NULL,NULL
0,NULL,0,NULL,2025-05-13 12:42:47,0,NULL,<blank>,0,information_schema,INNODB_LOCK_WAITS,def,NULL,16546830,NULL,NULL,505,<blank>,NULL,NULL,NULL,NULL,NULL,NULL,NULL
0,NULL,0,NULL,2025-05-13 12:42:47,0,NULL,<blank>,0,information_schema,THREAD_POOL_STATS,def,NULL,16204230,NULL,NULL,85,<blank>,NULL,NULL,NULL,NULL,NULL,NULL,NULL
0,NULL,0,NULL,2024-11-02 06:27:46,16384,NULL,<blank>,16384,ccledu_next480,oc_external_options,def,NULL,NULL,NULL,NULL,0,<blank>,NULL,NULL,NULL,NULL,NULL,NULL,NULL
0,NULL,0,NULL,2024-11-01 06:27:28,16384,NULL,<blank>,16384,ccledu_next480,oc_addressbooks,def,NULL,NULL,NULL,NULL,0,<blank>,NULL,NULL,NULL,NULL,NULL,NULL,NULL
0,NULL,2,NULL,2024-11-01 06:27:28,16384,NULL,<blank>,49152,ccledu_next480,oc_circles_member,def,NULL,NULL,NULL,NULL,8192,<blank>,NULL,NULL,NULL,NULL,NULL,NULL,NULL
0,NULL,0,NULL,2024-11-02 06:27:46,16384,NULL,<blank>,32768,ccledu_next480,oc_external_applicable,def,NULL,NULL,NULL,NULL,0,<blank>,NULL,NULL,NULL,NULL,NULL,NULL,NULL
0,NULL,2,NULL,2024-11-01 06:27:28,16384,NULL,<blank>,32768,ccledu_next480,oc_ratelimit_entries,def,NULL,NULL,NULL,NULL,8192,<blank>,NULL,NULL,NULL,NULL,NULL,NULL,NULL
0,NULL,0,NULL,2024-11-01 06:27:28,16384,NULL,<blank>,0,ccledu_next480,oc_systemtag_group,def,NULL,NULL,NULL,NULL,0,<blank>,NULL,NULL,NULL,NULL,NULL,NULL,NULL
0,NULL,0,NULL,2024-11-01 06:27:28,16384,NULL,<blank>,32768,ccledu_next480,oc_notifications_settings,def,NULL,NULL,NULL,NULL,0,<blank>,NULL,NULL,NULL,NULL,NULL,NULL,NULL
0,NULL,0,NULL,2024-11-01 06:27:28,16384,NULL,<blank>,16384,ccledu_next480,oc_group_user,def,NULL,NULL,NULL,NULL,0,<blank>,NULL,NULL,NULL,NULL,NULL,NULL,NULL
0,NULL,0,NULL,2024-11-01 06:27:28,16384,NULL,<blank>,16384,ccledu_next480,oc_systemtag_object_mapping,def,NULL,NULL,NULL,NULL,0,<blank>,NULL,NULL,NULL,NULL,NULL,NULL,NULL
0,NULL,0,NULL,2024-11-01 06:27:28,16384,NULL,<blank>,98304,ccledu_next480,oc_mounts,def,NULL,NULL,NULL,NULL,0,<blank>,NULL,NULL,NULL,NULL,NULL,NULL,NULL
0,NULL,0,NULL,2024-11-01 06:27:28,16384,NULL,<blank>,16384,ccledu_next480,oc_circles_mountpoint,def,NULL,NULL,NULL,NULL,0,<blank>,NULL,NULL,NULL,NULL,NULL,NULL,NULL
0,NULL,0,NULL,2024-11-01 06:27:28,16384,NULL,<blank>,49152,ccledu_next480,oc_taskprocessing_tasks,def,NULL,NULL,NULL,NULL,0,<blank>,NULL,NULL,NULL,NULL,NULL,NULL,NULL
0,NULL,0,NULL,2024-11-01 06:27:28,16384,NULL,<blank>,49152,ccledu_next480,oc_circles_remote,def,NULL,NULL,NULL,NULL,0,<blank>,NULL,NULL,NULL,NULL,NULL,NULL,NULL
0,NULL,0,NULL,2024-11-01 06:27:28,16384,NULL,<blank>,16384,ccledu_next480,oc_ex_occ_commands,def,NULL,NULL,NULL,NULL,0,<blank>,NULL,NULL,NULL,NULL,NULL,NULL,NULL
0,NULL,0,NULL,2024-11-01 06:27:28,16384,NULL,<blank>,16384,ccledu_next480,oc_ex_apps_daemons,def,NULL,NULL,NULL,NULL,0,<blank>,NULL,NULL,NULL,NULL,NULL,NULL,NULL
0,NULL,0,NULL,2024-11-01 06:27:28,16384,NULL,<blank>,16384,ccledu_next480,oc_users,def,NULL,NULL,NULL,NULL,0,<blank>,NULL,NULL,NULL,NULL,NULL,NULL,NULL
0,NULL,0,NULL,2024-11-01 06:27:28,16384,NULL,<blank>,16384,ccledu_next480,oc_ex_ui_states,def,NULL,NULL,NULL,NULL,0,<blank>,NULL,NULL,NULL,NULL,NULL,NULL,NULL
0,NULL,0,NULL,2024-11-01 06:27:28,16384,NULL,<blank>,16384,ccledu_next480,oc_ex_event_handlers,def,NULL,NULL,NULL,NULL,0,<blank>,NULL,NULL,NULL,NULL,NULL,NULL,NULL
0,NULL,0,NULL,2024-11-01 06:27:28,16384,NULL,<blank>,16384,ccledu_next480,oc_ex_speech_to_text,def,NULL,NULL,NULL,NULL,0,<blank>,NULL,NULL,NULL,NULL,NULL,NULL,NULL
0,NULL,0,NULL,2024-11-01 06:27:28,16384,NULL,<blank>,16384,ccledu_next480,oc_twofactor_providers,def,NULL,NULL,NULL,NULL,0,<blank>,NULL,NULL,NULL,NULL,NULL,NULL,NULL
0,NULL,0,NULL,2024-11-01 06:27:28,16384,NULL,<blank>,16384,ccledu_next480,oc_ex_ui_top_menu,def,NULL,NULL,NULL,NULL,0,<blank>,NULL,NULL,NULL,NULL,NULL,NULL,NULL
0,NULL,0,NULL,2024-11-01 06:27:28,16384,NULL,<blank>,16384,ccledu_next480,oc_ex_task_processing,def,NULL,NULL,NULL,NULL,0,<blank>,NULL,NULL,NULL,NULL,NULL,NULL,NULL
0,NULL,0,NULL,2024-11-01 06:27:28,16384,NULL,<blank>,16384,ccledu_next480,oc_ex_text_processing_q,def,NULL,NULL,NULL,NULL,0,<blank>,NULL,NULL,NULL,NULL,NULL,NULL,NULL
0,NULL,0,NULL,2024-11-01 06:27:28,16384,NULL,<blank>,0,ccledu_next480,oc_webhook_listeners,def,NULL,NULL,NULL,NULL,0,<blank>,NULL,NULL,NULL,NULL,NULL,NULL,NULL
0,NULL,0,NULL,2024-11-01 06:27:28,16384,NULL,<blank>,16384,ccledu_next480,oc_calendarchanges,def,NULL,NULL,NULL,NULL,0,<blank>,NULL,NULL,NULL,NULL,NULL,NULL,NULL
0,NULL,0,NULL,2024-11-01 06:27:28,16384,NULL,<blank>,16384,ccledu_next480,oc_calendarsubscriptions,def,NULL,NULL,NULL,NULL,0,<blank>,NULL,NULL,NULL,NULL,NULL,NULL,NULL
0,NULL,0,NULL,2024-11-01 06:27:28,16384,NULL,<blank>,49152,ccledu_next480,oc_dav_shares,def,NULL,NULL,NULL,NULL,0,<blank>,NULL,NULL,NULL,NULL,NULL,NULL,NULL
0,NULL,112,NULL,2024-11-01 06:27:28,49152,NULL,<blank>,65536,ccledu_next480,oc_jobs,def,NULL,NULL,NULL,NULL,438,<blank>,NULL,NULL,NULL,NULL,NULL,NULL,NULL
0,NULL,0,NULL,2024-11-01 06:27:28,16384,NULL,<blank>,0,ccledu_next480,oc_accounts,def,NULL,NULL,NULL,NULL,0,<blank>,NULL,NULL,NULL,NULL,NULL,NULL,NULL
0,NULL,0,NULL,2024-11-01 06:27:28,16384,NULL,<blank>,32768,ccledu_next480,oc_notifications_pushhash,def,NULL,NULL,NULL,NULL,0,<blank>,NULL,NULL,NULL,NULL,NULL,NULL,NULL
0,NULL,0,NULL,2024-11-01 06:27:28,16384,NULL,<blank>,16384,ccledu_next480,oc_dav_absence,def,NULL,NULL,NULL,NULL,0,<blank>,NULL,NULL,NULL,NULL,NULL,NULL,NULL
0,NULL,205,NULL,2024-11-01 06:27:28,16384,NULL,<blank>,0,ccledu_next480,oc_migrations,def,NULL,NULL,NULL,NULL,79,<blank>,NULL,NULL,NULL,NULL,NULL,NULL,NULL
0,NULL,0,NULL,2024-11-01 06:27:28,16384,NULL,<blank>,16384,ccledu_next480,oc_calendar_invitations,def,NULL,NULL,NULL,NULL,0,<blank>,NULL,NULL,NULL,NULL,NULL,NULL,NULL
0,NULL,0,NULL,2024-11-01 06:27:28,16384,NULL,<blank>,0,ccledu_next480,oc_flow_operations,def,NULL,NULL,NULL,NULL,0,<blank>,NULL,NULL,NULL,NULL,NULL,NULL,NULL
0,NULL,0,NULL,2024-11-02 06:27:46,16384,NULL,<blank>,0,ccledu_next480,oc_external_mounts,def,NULL,NULL,NULL,NULL,0,<blank>,NULL,NULL,NULL,NULL,NULL,NULL,NULL
0,NULL,0,NULL,2024-11-01 06:27:28,16384,NULL,<blank>,16384,ccledu_next480,oc_group_admin,def,NULL,NULL,NULL,NULL,0,<blank>,NULL,NULL,NULL,NULL,NULL,NULL,NULL
0,NULL,0,NULL,2024-11-01 06:27:28,16384,NULL,<blank>,32768,ccledu_next480,oc_calendars,def,NULL,NULL,NULL,NULL,0,<blank>,NULL,NULL,NULL,NULL,NULL,NULL,NULL
0,NULL,0,NULL,2024-11-01 06:27:28,16384,NULL,<blank>,16384,ccledu_next480,oc_vcategory_to_object,def,NULL,NULL,NULL,NULL,0,<blank>,NULL,NULL,NULL,NULL,NULL,NULL,NULL
0,NULL,4,NULL,2024-11-01 06:27:28,16384,NULL,<blank>,49152,ccledu_next480,oc_files_trash,def,NULL,NULL,NULL,NULL,4096,<blank>,NULL,NULL,NULL,NULL,NULL,NULL,NULL
0,NULL,6,NULL,2024-11-01 06:27:28,16384,NULL,<blank>,65536,ccledu_next480,oc_cards_properties,def,NULL,NULL,NULL,NULL,2730,<blank>,NULL,NULL,NULL,NULL,NULL,NULL,NULL
0,NULL,0,NULL,2024-11-01 06:27:28,16384,NULL,<blank>,16384,ccledu_next480,oc_ex_settings_forms,def,NULL,NULL,NULL,NULL,0,<blank>,NULL,NULL,NULL,NULL,NULL,NULL,NULL
0,NULL,0,NULL,2024-11-01 06:27:28,16384,NULL,<blank>,16384,ccledu_next480,oc_share_external,def,NULL,NULL,NULL,NULL,0,<blank>,NULL,NULL,NULL,NULL,NULL,NULL,NULL
0,NULL,0,NULL,2024-11-01 06:27:28,16384,NULL,<blank>,0,ccledu_next480,oc_shares_limits,def,NULL,NULL,NULL,NULL,0,<blank>,NULL,NULL,NULL,NULL,NULL,NULL,NULL
0,NULL,0,NULL,2024-11-02 06:27:46,16384,NULL,<blank>,16384,ccledu_next480,oc_external_config,def,NULL,NULL,NULL,NULL,0,<blank>,NULL,NULL,NULL,NULL,NULL,NULL,NULL
0,NULL,0,NULL,2024-11-01 06:27:28,16384,NULL,<blank>,16384,ccledu_next480,oc_photos_albums,def,NULL,NULL,NULL,NULL,0,<blank>,NULL,NULL,NULL,NULL,NULL,NULL,NULL
0,NULL,0,NULL,2024-11-01 06:27:28,16384,NULL,<blank>,32768,ccledu_next480,oc_directlink,def,NULL,NULL,NULL,NULL,0,<blank>,NULL,NULL,NULL,NULL,NULL,NULL,NULL
0,NULL,0,NULL,2024-11-01 06:27:28,16384,NULL,<blank>,49152,ccledu_next480,oc_calendar_rooms,def,NULL,NULL,NULL,NULL,0,<blank>,NULL,NULL,NULL,NULL,NULL,NULL,NULL
0,NULL,0,NULL,2024-11-01 06:27:28,16384,NULL,<blank>,0,ccledu_next480,oc_collres_collections,def,NULL,NULL,NULL,NULL,0,<blank>,NULL,NULL,NULL,NULL,NULL,NULL,NULL
0,NULL,0,NULL,2024-11-01 06:27:28,16384,NULL,<blank>,32768,ccledu_next480,oc_calendarobjects,def,NULL,NULL,NULL,NULL,0,<blank>,NULL,NULL,NULL,NULL,NULL,NULL,NULL
0,NULL,0,NULL,2024-11-01 06:27:28,16384,NULL,<blank>,49152,ccledu_next480,oc_calendar_resources,def,NULL,NULL,NULL,NULL,0,<blank>,NULL,NULL,NULL,NULL,NULL,NULL,NULL
0,NULL,0,NULL,2024-11-01 06:27:28,16384,NULL,<blank>,32768,ccledu_next480,oc_direct_edit,def,NULL,NULL,NULL,NULL,0,<blank>,NULL,NULL,NULL,NULL,NULL,NULL,NULL
0,NULL,0,NULL,2024-11-01 06:27:28,16384,NULL,<blank>,98304,ccledu_next480,oc_recent_contact,def,NULL,NULL,NULL,NULL,0,<blank>,NULL,NULL,NULL,NULL,NULL,NULL,NULL
0,NULL,0,NULL,2024-11-01 06:27:28,16384,NULL,<blank>,32768,ccledu_next480,oc_whats_new,def,NULL,NULL,NULL,NULL,0,<blank>,NULL,NULL,NULL,NULL,NULL,NULL,NULL
0,NULL,0,NULL,2024-11-01 06:27:28,16384,NULL,<blank>,16384,ccledu_next480,oc_ex_ui_files_actions,def,NULL,NULL,NULL,NULL,0,<blank>,NULL,NULL,NULL,NULL,NULL,NULL,NULL
0,NULL,0,NULL,2024-11-01 06:27:28,16384,NULL,<blank>,32768,ccledu_next480,oc_photos_albums_files,def,NULL,NULL,NULL,NULL,0,<blank>,NULL,NULL,NULL,NULL,NULL,NULL,NULL
0,NULL,2,NULL,2024-11-01 06:27:28,16384,NULL,<blank>,65536,ccledu_next480,oc_notifications,def,NULL,NULL,NULL,NULL,8192,<blank>,NULL,NULL,NULL,NULL,NULL,NULL,NULL
0,NULL,0,NULL,2024-11-01 06:27:28,16384,NULL,<blank>,16384,ccledu_next480,oc_circles_share_lock,def,NULL,NULL,NULL,NULL,0,<blank>,NULL,NULL,NULL,NULL,NULL,NULL,NULL
0,NULL,0,NULL,2024-11-01 06:27:28,16384,NULL,<blank>,32768,ccledu_next480,oc_webauthn,def,NULL,NULL,NULL,NULL,0,<blank>,NULL,NULL,NULL,NULL,NULL,NULL,NULL
0,NULL,0,NULL,2024-11-01 06:27:28,16384,NULL,<blank>,81920,ccledu_next480,oc_comments,def,NULL,NULL,NULL,NULL,0,<blank>,NULL,NULL,NULL,NULL,NULL,NULL,NULL
0,NULL,0,NULL,2024-11-02 06:57:32,16384,NULL,<blank>,16384,ccledu_next480,oc_calendar_appt_bookings,def,NULL,NULL,NULL,NULL,0,<blank>,NULL,NULL,NULL,NULL,NULL,NULL,NULL
0,NULL,0,NULL,2024-11-01 06:27:28,16384,NULL,<blank>,16384,ccledu_next480,oc_photos_albums_collabs,def,NULL,NULL,NULL,NULL,0,<blank>,NULL,NULL,NULL,NULL,NULL,NULL,NULL
0,NULL,11,NULL,2024-11-01 06:27:28,16384,NULL,<blank>,32768,ccledu_next480,oc_filecache_extended,def,NULL,NULL,NULL,NULL,1489,<blank>,NULL,NULL,NULL,NULL,NULL,NULL,NULL
0,NULL,0,NULL,2024-11-01 06:27:28,16384,NULL,<blank>,49152,ccledu_next480,oc_text_steps,def,NULL,NULL,NULL,NULL,0,<blank>,NULL,NULL,NULL,NULL,NULL,NULL,NULL
0,NULL,0,NULL,2024-11-01 06:27:28,16384,NULL,<blank>,32768,ccledu_next480,oc_ex_apps,def,NULL,NULL,NULL,NULL,0,<blank>,NULL,NULL,NULL,NULL,NULL,NULL,NULL
0,NULL,0,NULL,2024-11-01 06:27:28,16384,NULL,<blank>,16384,ccledu_next480,oc_cards,def,NULL,NULL,NULL,NULL,0,<blank>,NULL,NULL,NULL,NULL,NULL,NULL,NULL
0,NULL,0,NULL,2024-11-01 06:27:28,16384,NULL,<blank>,16384,ccledu_next480,oc_ex_ui_scripts,def,NULL,NULL,NULL,NULL,0,<blank>,NULL,NULL,NULL,NULL,NULL,NULL,NULL
0,NULL,0,NULL,2024-11-01 06:27:28,16384,NULL,<blank>,32768,ccledu_next480,oc_schedulingobjects,def,NULL,NULL,NULL,NULL,0,<blank>,NULL,NULL,NULL,NULL,NULL,NULL,NULL
0,NULL,0,NULL,2024-11-01 06:27:28,16384,NULL,<blank>,16384,ccledu_next480,oc_authorized_groups,def,NULL,NULL,NULL,NULL,0,<blank>,NULL,NULL,NULL,NULL,NULL,NULL,NULL
0,NULL,0,NULL,2024-11-01 06:53:52,16384,NULL,<blank>,32768,ccledu_next480,oc_richdocuments_direct,def,NULL,NULL,NULL,NULL,0,<blank>,NULL,NULL,NULL,NULL,NULL,NULL,NULL
0,NULL,183,NULL,2024-11-01 06:27:28,16384,NULL,<blank>,16384,ccledu_next480,oc_appconfig,def,NULL,NULL,NULL,NULL,89,<blank>,NULL,NULL,NULL,NULL,NULL,NULL,NULL
0,NULL,0,NULL,2024-11-01 06:27:28,16384,NULL,<blank>,16384,ccledu_next480,oc_ex_speech_to_text_q,def,NULL,NULL,NULL,NULL,0,<blank>,NULL,NULL,NULL,NULL,NULL,NULL,NULL
0,NULL,0,NULL,2024-11-01 06:53:52,16384,NULL,<blank>,32768,ccledu_next480,oc_richdocuments_assets,def,NULL,NULL,NULL,NULL,0,<blank>,NULL,NULL,NULL,NULL,NULL,NULL,NULL
0,NULL,34,NULL,2024-11-01 06:27:28,16384,NULL,<blank>,32768,ccledu_next480,oc_bruteforce_attempts,def,NULL,NULL,NULL,NULL,481,<blank>,NULL,NULL,NULL,NULL,NULL,NULL,NULL
0,NULL,0,NULL,2024-11-01 06:27:28,16384,NULL,<blank>,16384,ccledu_next480,oc_trusted_servers,def,NULL,NULL,NULL,NULL,0,<blank>,NULL,NULL,NULL,NULL,NULL,NULL,NULL
0,NULL,0,NULL,2024-11-01 06:27:28,16384,NULL,<blank>,16384,ccledu_next480,oc_circles_mount,def,NULL,NULL,NULL,NULL,0,<blank>,NULL,NULL,NULL,NULL,NULL,NULL,NULL
0,NULL,0,NULL,2024-11-01 06:27:28,16384,NULL,<blank>,16384,ccledu_next480,oc_ex_ui_styles,def,NULL,NULL,NULL,NULL,0,<blank>,NULL,NULL,NULL,NULL,NULL,NULL,NULL
0,NULL,0,NULL,2024-11-01 06:27:28,16384,NULL,<blank>,32768,ccledu_next480,oc_properties,def,NULL,NULL,NULL,NULL,0,<blank>,NULL,NULL,NULL,NULL,NULL,NULL,NULL
0,NULL,0,NULL,2024-11-01 06:27:28,16384,NULL,<blank>,49152,ccledu_next480,oc_activity_mq,def,NULL,NULL,NULL,NULL,0,<blank>,NULL,NULL,NULL,NULL,NULL,NULL,NULL
0,NULL,0,NULL,2024-11-01 06:27:28,16384,NULL,<blank>,16384,ccledu_next480,oc_comments_read_markers,def,NULL,NULL,NULL,NULL,0,<blank>,NULL,NULL,NULL,NULL,NULL,NULL,NULL
0,NULL,2,NULL,2024-11-01 06:27:28,16384,NULL,<blank>,16384,ccledu_next480,oc_storages,def,NULL,NULL,NULL,NULL,8192,<blank>,NULL,NULL,NULL,NULL,NULL,NULL,NULL
0,NULL,0,NULL,2024-11-01 06:27:28,16384,NULL,<blank>,49152,ccledu_next480,oc_textprocessing_tasks,def,NULL,NULL,NULL,NULL,0,<blank>,NULL,NULL,NULL,NULL,NULL,NULL,NULL
0,NULL,26,NULL,2024-11-01 06:27:28,16384,NULL,<blank>,49152,ccledu_next480,oc_accounts_data,def,NULL,NULL,NULL,NULL,630,<blank>,NULL,NULL,NULL,NULL,NULL,NULL,NULL
0,NULL,1168,NULL,2024-11-01 06:27:28,294912,NULL,<blank>,868352,ccledu_next480,oc_filecache,def,NULL,NULL,NULL,NULL,252,<blank>,NULL,NULL,NULL,NULL,NULL,NULL,NULL
0,NULL,29,NULL,2024-11-01 06:27:28,16384,NULL,<blank>,16384,ccledu_next480,oc_mimetypes,def,NULL,NULL,NULL,NULL,564,<blank>,NULL,NULL,NULL,NULL,NULL,NULL,NULL
0,NULL,0,NULL,2024-11-01 06:27:28,16384,NULL,<blank>,16384,ccledu_next480,oc_open_local_editor,def,NULL,NULL,NULL,NULL,0,<blank>,NULL,NULL,NULL,NULL,NULL,NULL,NULL
0,NULL,1,NULL,2024-11-01 06:27:28,16384,NULL,<blank>,32768,ccledu_next480,oc_storages_credentials,def,NULL,NULL,NULL,NULL,16384,<blank>,NULL,NULL,NULL,NULL,NULL,NULL,NULL
0,NULL,147,NULL,2024-11-01 06:27:28,65536,NULL,<blank>,65536,ccledu_next480,oc_activity,def,NULL,NULL,NULL,NULL,445,<blank>,NULL,NULL,NULL,NULL,NULL,NULL,NULL
0,NULL,2,NULL,2024-11-04 08:00:50,16384,NULL,<blank>,16384,ccledu_next480,oc_onlyoffice_filekey,def,NULL,NULL,NULL,NULL,8192,<blank>,NULL,NULL,NULL,NULL,NULL,NULL,NULL
0,NULL,2,NULL,2024-11-01 06:27:28,16384,NULL,<blank>,32768,ccledu_next480,oc_circles_membership,def,NULL,NULL,NULL,NULL,8192,<blank>,NULL,NULL,NULL,NULL,NULL,NULL,NULL
0,NULL,125,NULL,2024-11-01 06:27:28,16384,NULL,<blank>,16384,ccledu_next480,oc_files_versions,def,NULL,NULL,NULL,NULL,131,<blank>,NULL,NULL,NULL,NULL,NULL,NULL,NULL
0,NULL,0,NULL,2024-11-01 06:27:28,16384,NULL,<blank>,65536,ccledu_next480,oc_calendarobjects_props,def,NULL,NULL,NULL,NULL,0,<blank>,NULL,NULL,NULL,NULL,NULL,NULL,NULL
0,NULL,8,NULL,2024-11-01 06:27:28,81920,NULL,<blank>,49152,ccledu_next480,oc_authtoken,def,NULL,NULL,NULL,NULL,10240,<blank>,NULL,NULL,NULL,NULL,NULL,NULL,NULL
0,NULL,14,NULL,2024-11-01 06:53:52,16384,NULL,<blank>,16384,ccledu_next480,oc_richdocuments_wopi,def,NULL,NULL,NULL,NULL,1170,<blank>,NULL,NULL,NULL,NULL,NULL,NULL,NULL
0,NULL,0,NULL,2024-11-01 06:27:28,16384,NULL,<blank>,0,ccledu_next480,oc_federated_reshares,def,NULL,NULL,NULL,NULL,0,<blank>,NULL,NULL,NULL,NULL,NULL,NULL,NULL
0,NULL,40,NULL,2024-11-01 06:27:28,16384,NULL,<blank>,16384,ccledu_next480,oc_preferences,def,NULL,NULL,NULL,NULL,409,<blank>,NULL,NULL,NULL,NULL,NULL,NULL,NULL
0,NULL,29,NULL,2024-11-01 06:27:28,49152,NULL,<blank>,16384,ccledu_next480,oc_files_metadata,def,NULL,NULL,NULL,NULL,1694,<blank>,NULL,NULL,NULL,NULL,NULL,NULL,NULL
0,NULL,0,NULL,2024-11-01 06:27:28,16384,NULL,<blank>,49152,ccledu_next480,oc_oauth2_access_tokens,def,NULL,NULL,NULL,NULL,0,<blank>,NULL,NULL,NULL,NULL,NULL,NULL,NULL
0,NULL,0,NULL,2024-11-01 06:27:28,16384,NULL,<blank>,16384,ccledu_next480,oc_profile_config,def,NULL,NULL,NULL,NULL,0,<blank>,NULL,NULL,NULL,NULL,NULL,NULL,NULL
0,NULL,335,NULL,2024-11-01 06:27:28,65536,NULL,<blank>,65536,ccledu_next480,oc_file_locks,def,NULL,NULL,NULL,NULL,195,<blank>,NULL,NULL,NULL,NULL,NULL,NULL,NULL
0,NULL,4,NULL,2024-11-01 06:27:28,16384,NULL,<blank>,16384,ccledu_next480,oc_addressbookchanges,def,NULL,NULL,NULL,NULL,4096,<blank>,NULL,NULL,NULL,NULL,NULL,NULL,NULL
0,NULL,6,NULL,2024-11-01 06:27:28,16384,NULL,<blank>,0,ccledu_next480,oc_text_documents,def,NULL,NULL,NULL,NULL,2730,<blank>,NULL,NULL,NULL,NULL,NULL,NULL,NULL
0,NULL,0,NULL,2024-11-01 06:27:28,16384,NULL,<blank>,0,ccledu_next480,oc_user_transfer_owner,def,NULL,NULL,NULL,NULL,0,<blank>,NULL,NULL,NULL,NULL,NULL,NULL,NULL
0,NULL,0,NULL,2024-11-01 06:27:28,16384,NULL,<blank>,16384,ccledu_next480,oc_ex_text_processing,def,NULL,NULL,NULL,NULL,0,<blank>,NULL,NULL,NULL,NULL,NULL,NULL,NULL
0,NULL,3,NULL,2024-11-01 06:27:28,16384,NULL,<blank>,98304,ccledu_next480,oc_circles_circle,def,NULL,NULL,NULL,NULL,5461,<blank>,NULL,NULL,NULL,NULL,NULL,NULL,NULL
0,NULL,3,NULL,2024-11-01 06:27:28,16384,NULL,<blank>,49152,ccledu_next480,oc_text_sessions,def,NULL,NULL,NULL,NULL,5461,<blank>,NULL,NULL,NULL,NULL,NULL,NULL,NULL
0,NULL,0,NULL,2024-11-04 08:00:50,16384,NULL,<blank>,16384,ccledu_next480,oc_onlyoffice_permissions,def,NULL,NULL,NULL,NULL,0,<blank>,NULL,NULL,NULL,NULL,NULL,NULL,NULL
0,NULL,0,NULL,2024-11-01 06:27:28,16384,NULL,<blank>,0,ccledu_next480,oc_circles_event,def,NULL,NULL,NULL,NULL,0,<blank>,NULL,NULL,NULL,NULL,NULL,NULL,NULL
0,NULL,0,NULL,2024-11-01 06:27:28,16384,NULL,<blank>,32768,ccledu_next480,oc_known_users,def,NULL,NULL,NULL,NULL,0,<blank>,NULL,NULL,NULL,NULL,NULL,NULL,NULL
0,NULL,0,NULL,2024-11-01 06:27:28,16384,NULL,<blank>,49152,ccledu_next480,oc_login_flow_v2,def,NULL,NULL,NULL,NULL,0,<blank>,NULL,NULL,NULL,NULL,NULL,NULL,NULL
0,NULL,0,NULL,2024-11-01 06:27:28,16384,NULL,<blank>,32768,ccledu_next480,oc_appconfig_ex,def,NULL,NULL,NULL,NULL,0,<blank>,NULL,NULL,NULL,NULL,NULL,NULL,NULL
0,NULL,0,NULL,2024-11-01 06:27:28,16384,NULL,<blank>,16384,ccledu_next480,oc_ex_translation_q,def,NULL,NULL,NULL,NULL,0,<blank>,NULL,NULL,NULL,NULL,NULL,NULL,NULL
0,NULL,0,NULL,2024-11-01 06:27:28,16384,NULL,<blank>,16384,ccledu_next480,oc_systemtag,def,NULL,NULL,NULL,NULL,0,<blank>,NULL,NULL,NULL,NULL,NULL,NULL,NULL
0,NULL,0,NULL,2024-11-01 06:27:28,16384,NULL,<blank>,16384,ccledu_next480,oc_oauth2_clients,def,NULL,NULL,NULL,NULL,0,<blank>,NULL,NULL,NULL,NULL,NULL,NULL,NULL
0,NULL,0,NULL,2024-11-01 06:27:28,16384,NULL,<blank>,16384,ccledu_next480,oc_calendar_resources_md,def,NULL,NULL,NULL,NULL,0,<blank>,NULL,NULL,NULL,NULL,NULL,NULL,NULL
0,NULL,0,NULL,2024-11-01 06:27:28,16384,NULL,<blank>,16384,ccledu_next480,oc_flow_checks,def,NULL,NULL,NULL,NULL,0,<blank>,NULL,NULL,NULL,NULL,NULL,NULL,NULL
0,NULL,0,NULL,2024-11-01 06:27:28,16384,NULL,<blank>,16384,ccledu_next480,oc_collres_accesscache,def,NULL,NULL,NULL,NULL,0,<blank>,NULL,NULL,NULL,NULL,NULL,NULL,NULL
0,NULL,0,NULL,2024-11-01 06:27:28,16384,NULL,<blank>,0,ccledu_next480,oc_collres_resources,def,NULL,NULL,NULL,NULL,0,<blank>,NULL,NULL,NULL,NULL,NULL,NULL,NULL
0,NULL,0,NULL,2024-11-01 06:27:28,16384,NULL,<blank>,16384,ccledu_next480,oc_twofactor_backupcodes,def,NULL,NULL,NULL,NULL,0,<blank>,NULL,NULL,NULL,NULL,NULL,NULL,NULL
0,NULL,0,NULL,2024-11-04 08:00:50,16384,NULL,<blank>,16384,ccledu_next480,oc_onlyoffice_instance,def,NULL,NULL,NULL,NULL,0,<blank>,NULL,NULL,NULL,NULL,NULL,NULL,NULL
0,NULL,0,NULL,2024-11-01 06:27:28,16384,NULL,<blank>,49152,ccledu_next480,oc_vcategory,def,NULL,NULL,NULL,NULL,0,<blank>,NULL,NULL,NULL,NULL,NULL,NULL,NULL
0,NULL,0,NULL,2024-11-01 06:27:28,16384,NULL,<blank>,114688,ccledu_next480,oc_share,def,NULL,NULL,NULL,NULL,0,<blank>,NULL,NULL,NULL,NULL,NULL,NULL,NULL
0,NULL,0,NULL,2024-11-01 06:27:28,16384,NULL,<blank>,16384,ccledu_next480,oc_ex_apps_routes,def,NULL,NULL,NULL,NULL,0,<blank>,NULL,NULL,NULL,NULL,NULL,NULL,NULL
0,NULL,1,NULL,2024-11-01 06:53:52,16384,NULL,<blank>,16384,ccledu_next480,oc_richdocuments_template,def,NULL,NULL,NULL,NULL,16384,<blank>,NULL,NULL,NULL,NULL,NULL,NULL,NULL
0,NULL,0,NULL,2024-11-01 06:27:28,16384,NULL,<blank>,16384,ccledu_next480,oc_files_reminders,def,NULL,NULL,NULL,NULL,0,<blank>,NULL,NULL,NULL,NULL,NULL,NULL,NULL
0,NULL,0,NULL,2024-11-01 06:27:28,16384,NULL,<blank>,49152,ccledu_next480,oc_text2image_tasks,def,NULL,NULL,NULL,NULL,0,<blank>,NULL,NULL,NULL,NULL,NULL,NULL,NULL
0,NULL,0,NULL,2024-11-01 06:27:28,16384,NULL,<blank>,16384,ccledu_next480,oc_flow_operations_scope,def,NULL,NULL,NULL,NULL,0,<blank>,NULL,NULL,NULL,NULL,NULL,NULL,NULL
0,NULL,0,NULL,2024-11-01 06:27:28,16384,NULL,<blank>,32768,ccledu_next480,oc_preferences_ex,def,NULL,NULL,NULL,NULL,0,<blank>,NULL,NULL,NULL,NULL,NULL,NULL,NULL
0,NULL,0,NULL,2024-11-01 06:27:28,16384,NULL,<blank>,32768,ccledu_next480,oc_dav_cal_proxy,def,NULL,NULL,NULL,NULL,0,<blank>,NULL,NULL,NULL,NULL,NULL,NULL,NULL
0,NULL,0,NULL,2024-11-01 06:27:28,16384,NULL,<blank>,32768,ccledu_next480,oc_calendar_reminders,def,NULL,NULL,NULL,NULL,0,<blank>,NULL,NULL,NULL,NULL,NULL,NULL,NULL
0,NULL,0,NULL,2024-11-01 06:27:28,16384,NULL,<blank>,16384,ccledu_next480,oc_circles_token,def,NULL,NULL,NULL,NULL,0,<blank>,NULL,NULL,NULL,NULL,NULL,NULL,NULL
0,NULL,2,NULL,2024-11-01 06:27:28,16384,NULL,<blank>,81920,ccledu_next480,oc_user_status,def,NULL,NULL,NULL,NULL,8192,<blank>,NULL,NULL,NULL,NULL,NULL,NULL,NULL
0,NULL,0,NULL,2024-11-01 06:27:28,16384,NULL,<blank>,0,ccledu_next480,oc_groups,def,NULL,NULL,NULL,NULL,0,<blank>,NULL,NULL,NULL,NULL,NULL,NULL,NULL
0,NULL,0,NULL,2024-11-02 06:57:32,16384,NULL,<blank>,16384,ccledu_next480,oc_calendar_appt_configs,def,NULL,NULL,NULL,NULL,0,<blank>,NULL,NULL,NULL,NULL,NULL,NULL,NULL
0,NULL,0,NULL,2024-11-01 06:27:28,16384,NULL,<blank>,16384,ccledu_next480,oc_calendar_rooms_md,def,NULL,NULL,NULL,NULL,0,<blank>,NULL,NULL,NULL,NULL,NULL,NULL,NULL
0,NULL,29,NULL,2024-11-01 06:27:28,16384,NULL,<blank>,32768,ccledu_next480,oc_files_metadata_index,def,NULL,NULL,NULL,NULL,564,<blank>,NULL,NULL,NULL,NULL,NULL,NULL,NULL
0,NULL,0,NULL,2024-11-01 06:27:28,16384,NULL,<blank>,16384,ccledu_next480,oc_ex_translation,def,NULL,NULL,NULL,NULL,0,<blank>,NULL,NULL,NULL,NULL,NULL,NULL,NULL
0,NULL,0,NULL,2024-11-01 06:27:28,16384,NULL,<blank>,0,ccledu_next480,oc_privacy_admins,def,NULL,NULL,NULL,NULL,0,<blank>,NULL,NULL,NULL,NULL,NULL,NULL,NULL
0,NULL,0,NULL,2024-11-01 06:27:28,16384,NULL,<blank>,49152,ccledu_next480,oc_reactions,def,NULL,NULL,NULL,NULL,0,<blank>,NULL,NULL,NULL,NULL,NULL,NULL,NULL
0,NULL,1,NULL,2025-02-08 08:44:35,16384,NULL,<blank>,0,ccledu_lumahsi,contact,def,NULL,NULL,NULL,NULL,16384,<blank>,NULL,NULL,NULL,NULL,NULL,NULL,NULL
0,NULL,6,NULL,2025-02-08 08:44:35,16384,NULL,<blank>,0,ccledu_lumahsi,about,def,NULL,NULL,NULL,NULL,2730,<blank>,NULL,NULL,NULL,NULL,NULL,NULL,NULL
0,NULL,1,NULL,2025-02-08 08:44:35,16384,NULL,<blank>,0,ccledu_lumahsi,faculty,def,NULL,NULL,NULL,NULL,16384,<blank>,NULL,NULL,NULL,NULL,NULL,NULL,NULL
0,NULL,3,NULL,2025-02-08 08:44:35,16384,NULL,<blank>,0,ccledu_lumahsi,corevalues,def,NULL,NULL,NULL,NULL,5461,<blank>,NULL,NULL,NULL,NULL,NULL,NULL,NULL
0,NULL,0,NULL,2025-02-08 08:44:35,16384,NULL,<blank>,0,ccledu_lumahsi,administration,def,NULL,NULL,NULL,NULL,0,<blank>,NULL,NULL,NULL,NULL,NULL,NULL,NULL
0,NULL,1,NULL,2025-02-08 08:44:35,16384,NULL,<blank>,0,ccledu_lumahsi,news_,def,NULL,NULL,NULL,NULL,16384,<blank>,NULL,NULL,NULL,NULL,NULL,NULL,NULL
0,NULL,4,NULL,2025-02-08 08:44:35,16384,NULL,<blank>,0,ccledu_lumahsi,gallery,def,NULL,NULL,NULL,NULL,4096,<blank>,NULL,NULL,NULL,NULL,NULL,NULL,NULL
0,NULL,1,NULL,2025-02-08 08:44:35,16384,NULL,<blank>,16384,ccledu_lumahsi,login,def,NULL,NULL,NULL,NULL,16384,<blank>,NULL,NULL,NULL,NULL,NULL,NULL,NULL
0,NULL,1,NULL,2025-02-08 08:44:35,20,2025-04-24 09:21:18,<blank>,2048,ccledu_lumahsi,visits,def,NULL,281474976710655,NULL,NULL,20,<blank>,NULL,NULL,NULL,NULL,NULL,NULL,NULL
0,NULL,10,NULL,2025-02-08 08:44:35,16384,NULL,<blank>,0,ccledu_lumahsi,diploma_courses,def,NULL,NULL,NULL,NULL,1638,<blank>,NULL,NULL,NULL,NULL,NULL,NULL,NULL
0,NULL,3,NULL,2025-02-08 08:44:35,16384,NULL,<blank>,0,ccledu_lumahsi,slider,def,NULL,NULL,NULL,NULL,5461,<blank>,NULL,NULL,NULL,NULL,NULL,NULL,NULL
0,NULL,1,NULL,2025-02-08 08:44:35,16384,NULL,<blank>,0,ccledu_lumahsi,admissionform,def,NULL,NULL,NULL,NULL,16384,<blank>,NULL,NULL,NULL,NULL,NULL,NULL,NULL
0,NULL,3,NULL,2025-02-08 08:44:35,16384,NULL,<blank>,0,ccledu_lumahsi,undergraduate_courses,def,NULL,NULL,NULL,NULL,5461,<blank>,NULL,NULL,NULL,NULL,NULL,NULL,NULL
0,NULL,3,NULL,2025-02-08 08:44:35,16384,NULL,<blank>,0,ccledu_lumahsi,notifications_,def,NULL,NULL,NULL,NULL,5461,<blank>,NULL,NULL,NULL,NULL,NULL,NULL,NULL
0,NULL,4,NULL,2025-02-08 08:44:35,16384,NULL,<blank>,0,ccledu_lumahsi,youtubegallery,def,NULL,NULL,NULL,NULL,4096,<blank>,NULL,NULL,NULL,NULL,NULL,NULL,NULL
0,NULL,4,NULL,2025-02-08 08:44:35,16384,NULL,<blank>,0,ccledu_lumahsi,affiliation,def,NULL,NULL,NULL,NULL,4096,<blank>,NULL,NULL,NULL,NULL,NULL,NULL,NULL
0,NULL,13,NULL,2025-02-08 08:44:35,16384,NULL,<blank>,0,ccledu_lumahsi,facilities,def,NULL,NULL,NULL,NULL,1260,<blank>,NULL,NULL,NULL,NULL,NULL,NULL,NULL
0,NULL,2,NULL,2025-02-08 08:44:35,16384,NULL,<blank>,0,ccledu_lumahsi,messages,def,NULL,NULL,NULL,NULL,8192,<blank>,NULL,NULL,NULL,NULL,NULL,NULL,NULL
0,NULL,3,NULL,2025-02-08 08:44:35,16384,NULL,<blank>,0,ccledu_lumahsi,downloads,def,NULL,NULL,NULL,NULL,5461,<blank>,NULL,NULL,NULL,NULL,NULL,NULL,NULL
0,NULL,2,NULL,2025-02-08 08:44:35,16384,NULL,<blank>,0,ccledu_lumahsi,scholarships,def,NULL,NULL,NULL,NULL,8192,<blank>,NULL,NULL,NULL,NULL,NULL,NULL,NULL
0,NULL,4,NULL,2025-02-08 08:44:35,16384,NULL,<blank>,0,ccledu_lumahsi,videos,def,NULL,NULL,NULL,NULL,4096,<blank>,NULL,NULL,NULL,NULL,NULL,NULL,NULL
0,NULL,263,NULL,2025-03-02 09:57:46,48972,2025-03-02 10:00:39,<blank>,1024,ccledu_ccl_new_db,result2,def,NULL,281474976710655,NULL,NULL,186,<blank>,NULL,NULL,NULL,NULL,NULL,NULL,NULL
0,NULL,0,NULL,2024-09-10 23:53:47,16384,NULL,<blank>,0,ccledu_ccl_new_db,bog,def,NULL,NULL,NULL,NULL,0,<blank>,NULL,NULL,NULL,NULL,NULL,NULL,NULL
0,NULL,9,NULL,2024-09-10 23:53:47,16384,NULL,<blank>,0,ccledu_ccl_new_db,about,def,NULL,NULL,NULL,NULL,1820,<blank>,NULL,NULL,NULL,NULL,NULL,NULL,NULL
0,NULL,83,NULL,2024-09-10 23:53:47,16384,NULL,<blank>,0,ccledu_ccl_new_db,faculty,def,NULL,NULL,NULL,NULL,197,<blank>,NULL,NULL,NULL,NULL,NULL,NULL,NULL
0,NULL,3,NULL,2024-09-10 23:53:47,16384,NULL,<blank>,0,ccledu_ccl_new_db,jobs,def,NULL,NULL,NULL,NULL,5461,<blank>,NULL,NULL,NULL,NULL,NULL,NULL,NULL
0,NULL,10,NULL,2025-03-02 10:19:13,1648,2025-03-02 10:22:32,<blank>,1024,ccledu_ccl_new_db,result3,def,NULL,281474976710655,NULL,NULL,164,<blank>,NULL,NULL,NULL,NULL,NULL,NULL,NULL
0,NULL,42,NULL,2024-09-10 23:53:47,16384,NULL,<blank>,0,ccledu_ccl_new_db,quotes,def,NULL,NULL,NULL,NULL,390,<blank>,NULL,NULL,NULL,NULL,NULL,NULL,NULL
0,NULL,0,NULL,2024-02-20 09:48:50,0,2024-02-20 09:48:50,<blank>,1024,ccledu_ccl_new_db,result,def,NULL,281474976710655,NULL,NULL,0,<blank>,NULL,NULL,NULL,NULL,NULL,NULL,NULL
0,NULL,12,NULL,2024-09-10 23:53:47,16384,NULL,<blank>,0,ccledu_ccl_new_db,houses,def,NULL,NULL,NULL,NULL,1365,<blank>,NULL,NULL,NULL,NULL,NULL,NULL,NULL
0,NULL,3083,NULL,2024-09-10 23:53:47,540672,NULL,<blank>,0,ccledu_ccl_new_db,gallery,def,NULL,NULL,NULL,NULL,175,<blank>,NULL,NULL,NULL,NULL,NULL,NULL,NULL
0,NULL,5,NULL,2024-09-10 23:53:47,16384,NULL,<blank>,0,ccledu_ccl_new_db,admission,def,NULL,NULL,NULL,NULL,3276,<blank>,NULL,NULL,NULL,NULL,NULL,NULL,NULL
0,NULL,17,NULL,2024-09-10 23:53:47,16384,NULL,<blank>,0,ccledu_ccl_new_db,ex,def,NULL,NULL,NULL,NULL,963,<blank>,NULL,NULL,NULL,NULL,NULL,NULL,NULL
0,NULL,2,NULL,2024-09-10 23:53:47,16384,NULL,<blank>,0,ccledu_ccl_new_db,tenders,def,NULL,NULL,NULL,NULL,8192,<blank>,NULL,NULL,NULL,NULL,NULL,NULL,NULL
0,NULL,2,NULL,2024-09-10 23:53:47,16384,NULL,<blank>,16384,ccledu_ccl_new_db,login,def,NULL,NULL,NULL,NULL,8192,<blank>,NULL,NULL,NULL,NULL,NULL,NULL,NULL
0,2024-10-29 06:54:12,2,NULL,2023-12-09 00:09:43,40,2025-05-13 12:42:43,<blank>,1024,ccledu_ccl_new_db,visits,def,NULL,281474976710655,NULL,NULL,20,<blank>,NULL,NULL,NULL,NULL,NULL,NULL,NULL
0,NULL,59,NULL,2024-09-10 23:53:47,16384,NULL,<blank>,16384,ccledu_ccl_new_db,teachers,def,NULL,NULL,NULL,NULL,277,<blank>,NULL,NULL,NULL,NULL,NULL,NULL,NULL
0,NULL,83,NULL,2024-09-10 23:53:47,16384,NULL,<blank>,0,ccledu_ccl_new_db,pride,def,NULL,NULL,NULL,NULL,197,<blank>,NULL,NULL,NULL,NULL,NULL,NULL,NULL
0,NULL,18,NULL,2024-09-10 23:53:47,16384,NULL,<blank>,0,ccledu_ccl_new_db,faqs,def,NULL,NULL,NULL,NULL,910,<blank>,NULL,NULL,NULL,NULL,NULL,NULL,NULL
0,NULL,26,NULL,2024-09-10 23:53:47,16384,NULL,<blank>,0,ccledu_ccl_new_db,slider,def,NULL,NULL,NULL,NULL,630,<blank>,NULL,NULL,NULL,NULL,NULL,NULL,NULL
0,NULL,0,NULL,2024-01-20 06:16:26,0,2024-01-20 06:16:26,<blank>,1024,ccledu_ccl_new_db,written4,def,NULL,281474976710655,NULL,NULL,0,<blank>,NULL,NULL,NULL,NULL,NULL,NULL,NULL
0,NULL,210,NULL,2025-03-14 12:35:30,41548,2025-03-14 12:35:44,<blank>,1024,ccledu_ccl_new_db,meritlist2,def,NULL,281474976710655,NULL,NULL,197,<blank>,NULL,NULL,NULL,NULL,NULL,NULL,NULL
0,NULL,0,NULL,2024-01-20 06:16:23,0,2024-01-20 06:16:23,<blank>,1024,ccledu_ccl_new_db,written3,def,NULL,281474976710655,NULL,NULL,0,<blank>,NULL,NULL,NULL,NULL,NULL,NULL,NULL
0,NULL,26,NULL,2024-09-10 23:53:47,16384,NULL,<blank>,0,ccledu_ccl_new_db,issbcorner,def,NULL,NULL,NULL,NULL,630,<blank>,NULL,NULL,NULL,NULL,NULL,NULL,NULL
0,NULL,674,NULL,2024-03-05 09:15:25,202444,2024-03-05 09:38:20,<blank>,9216,ccledu_ccl_new_db,finalresult,def,NULL,281474976710655,NULL,NULL,300,<blank>,NULL,NULL,NULL,NULL,NULL,NULL,NULL
0,NULL,0,NULL,2025-03-14 06:35:06,0,2025-03-14 06:35:06,<blank>,1024,ccledu_ccl_new_db,result4,def,NULL,281474976710655,NULL,NULL,0,<blank>,NULL,NULL,NULL,NULL,NULL,NULL,NULL
0,NULL,3,NULL,2024-09-10 23:53:47,16384,NULL,<blank>,0,ccledu_ccl_new_db,news,def,NULL,NULL,NULL,NULL,5461,<blank>,NULL,NULL,NULL,NULL,NULL,NULL,NULL
0,NULL,37,NULL,2024-09-10 23:53:47,65536,NULL,<blank>,0,ccledu_ccl_new_db,facilities,def,NULL,NULL,NULL,NULL,1771,<blank>,NULL,NULL,NULL,NULL,NULL,NULL,NULL
0,NULL,2,NULL,2024-09-10 23:53:47,16384,NULL,<blank>,0,ccledu_ccl_new_db,messages,def,NULL,NULL,NULL,NULL,8192,<blank>,NULL,NULL,NULL,NULL,NULL,NULL,NULL
0,NULL,3,NULL,2024-09-10 23:53:47,16384,NULL,<blank>,0,ccledu_ccl_new_db,login_info,def,NULL,NULL,NULL,NULL,5461,<blank>,NULL,NULL,NULL,NULL,NULL,NULL,NULL
0,NULL,55,NULL,2024-09-10 23:53:47,16384,NULL,<blank>,0,ccledu_ccl_new_db,larkanians,def,NULL,NULL,NULL,NULL,297,<blank>,NULL,NULL,NULL,NULL,NULL,NULL,NULL
0,NULL,6,NULL,2023-12-09 00:09:43,432,2023-12-09 00:09:43,<blank>,2048,ccledu_ccl_new_db,appointments,def,NULL,281474976710655,NULL,NULL,72,<blank>,NULL,NULL,NULL,NULL,NULL,NULL,NULL
0,NULL,0,NULL,2024-09-10 23:53:47,16384,NULL,<blank>,0,ccledu_ccl_new_db,lectures,def,NULL,NULL,NULL,NULL,0,<blank>,NULL,NULL,NULL,NULL,NULL,NULL,NULL
0,NULL,0,NULL,2024-09-10 23:53:47,16384,NULL,<blank>,16384,ccledu_ccl_new_db,uploads,def,NULL,NULL,NULL,NULL,0,<blank>,NULL,NULL,NULL,NULL,NULL,NULL,NULL
0,NULL,2,NULL,2023-12-09 00:09:43,88,2023-12-09 00:09:43,<blank>,2048,ccledu_ccl_new_db,shuhadas,def,NULL,281474976710655,NULL,NULL,44,<blank>,NULL,NULL,NULL,NULL,NULL,NULL,NULL
0,NULL,0,NULL,2025-02-04 09:34:02,0,2025-02-04 09:34:02,<blank>,1024,ccledu_ccl_new_db,written1,def,NULL,281474976710655,NULL,NULL,0,<blank>,NULL,NULL,NULL,NULL,NULL,NULL,NULL
0,NULL,2,NULL,2024-09-10 23:53:47,16384,NULL,<blank>,0,ccledu_ccl_new_db,videos,def,NULL,NULL,NULL,NULL,8192,<blank>,NULL,NULL,NULL,NULL,NULL,NULL,NULL
0,NULL,255,NULL,NULL,0,NULL,<blank>,0,performance_schema,global_status,def,NULL,NULL,NULL,NULL,0,<blank>,NULL,NULL,NULL,NULL,NULL,NULL,NULL
0,NULL,0,NULL,NULL,0,NULL,<blank>,0,performance_schema,session_account_connect_attrs,def,NULL,NULL,NULL,NULL,0,<blank>,NULL,NULL,NULL,NULL,NULL,NULL,NULL
0,NULL,255,NULL,NULL,0,NULL,<blank>,0,performance_schema,session_status,def,NULL,NULL,NULL,NULL,0,<blank>,NULL,NULL,NULL,NULL,NULL,NULL,NULL
0,NULL,0,NULL,2025-04-25 08:36:59,16384,NULL,<blank>,0,ccledu_wp186,wp3w_wpxlsdata,def,NULL,NULL,NULL,NULL,0,<blank>,NULL,NULL,NULL,NULL,NULL,NULL,NULL
576,NULL,0,NULL,2025-04-24 09:28:23,576,2025-05-12 06:43:21,<blank>,8192,ccledu_wp186,wp3w_loginizer_logs,def,NULL,281474976710655,NULL,NULL,0,<blank>,NULL,NULL,NULL,NULL,NULL,NULL,NULL
0,NULL,0,NULL,2025-04-24 10:16:37,0,2025-04-24 10:16:37,<blank>,1024,ccledu_wp186,wp3w_pmxi_imports,def,NULL,281474976710655,NULL,NULL,0,<blank>,NULL,NULL,NULL,NULL,NULL,NULL,NULL
0,NULL,0,NULL,2025-04-24 10:16:37,0,2025-04-24 10:16:37,<blank>,1024,ccledu_wp186,wp3w_pmxi_posts,def,NULL,281474976710655,NULL,NULL,0,<blank>,NULL,NULL,NULL,NULL,NULL,NULL,NULL
0,NULL,0,NULL,2025-04-24 09:28:16,0,2025-04-24 09:28:16,<blank>,4096,ccledu_wp186,wp3w_termmeta,def,NULL,281474976710655,NULL,NULL,0,<blank>,NULL,NULL,NULL,NULL,NULL,NULL,NULL
0,NULL,1,NULL,2025-04-24 09:28:15,328,2025-04-24 09:28:15,<blank>,7168,ccledu_wp186,wp3w_comments,def,NULL,281474976710655,NULL,NULL,328,<blank>,NULL,NULL,NULL,NULL,NULL,NULL,NULL
0,NULL,1,NULL,2025-04-24 09:28:16,212,2025-05-07 13:03:25,<blank>,8192,ccledu_wp186,wp3w_users,def,NULL,281474976710655,NULL,NULL,212,<blank>,NULL,NULL,NULL,NULL,NULL,NULL,NULL
32,NULL,189,NULL,2025-04-24 09:28:16,43836,2025-04-30 10:46:53,<blank>,16384,ccledu_wp186,wp3w_postmeta,def,NULL,281474976710655,NULL,NULL,231,<blank>,NULL,NULL,NULL,NULL,NULL,NULL,NULL
1310820,2025-04-24 09:28:15,213,NULL,2025-04-24 09:28:15,1446648,2025-05-13 11:33:16,<blank>,27648,ccledu_wp186,wp3w_options,def,NULL,281474976710655,NULL,NULL,637,<blank>,NULL,NULL,NULL,NULL,NULL,NULL,NULL
0,NULL,0,NULL,2025-04-24 10:16:37,0,2025-04-24 10:16:37,<blank>,1024,ccledu_wp186,wp3w_pmxi_history,def,NULL,281474976710655,NULL,NULL,0,<blank>,NULL,NULL,NULL,NULL,NULL,NULL,NULL
0,NULL,2,NULL,2025-04-24 09:28:16,80,2025-04-24 09:52:47,<blank>,4096,ccledu_wp186,wp3w_term_taxonomy,def,NULL,281474976710655,NULL,NULL,40,<blank>,NULL,NULL,NULL,NULL,NULL,NULL,NULL
0,NULL,6,NULL,2025-04-24 09:28:16,126,2025-04-24 09:52:47,<blank>,3072,ccledu_wp186,wp3w_term_relationships,def,NULL,5910974510923775,NULL,NULL,21,<blank>,NULL,NULL,NULL,NULL,NULL,NULL,NULL
0,NULL,0,NULL,2025-04-24 09:28:15,0,2025-04-24 09:28:15,<blank>,4096,ccledu_wp186,wp3w_commentmeta,def,NULL,281474976710655,NULL,NULL,0,<blank>,NULL,NULL,NULL,NULL,NULL,NULL,NULL
0,NULL,0,NULL,2025-04-24 10:16:37,0,2025-04-24 10:16:37,<blank>,1024,ccledu_wp186,wp3w_pmxi_files,def,NULL,281474976710655,NULL,NULL,0,<blank>,NULL,NULL,NULL,NULL,NULL,NULL,NULL
116,NULL,97,NULL,2025-04-24 09:28:16,3215676,2025-05-01 11:04:45,<blank>,21504,ccledu_wp186,wp3w_posts,def,NULL,281474976710655,NULL,NULL,33150,<blank>,NULL,NULL,NULL,NULL,NULL,NULL,NULL
0,NULL,2,NULL,2025-04-24 09:28:16,92,2025-04-24 09:52:47,<blank>,13312,ccledu_wp186,wp3w_terms,def,NULL,281474976710655,NULL,NULL,46,<blank>,NULL,NULL,NULL,NULL,NULL,NULL,NULL
0,NULL,0,NULL,2025-04-24 09:28:15,0,2025-04-24 09:28:15,<blank>,1024,ccledu_wp186,wp3w_links,def,NULL,281474976710655,NULL,NULL,0,<blank>,NULL,NULL,NULL,NULL,NULL,NULL,NULL
0,NULL,0,NULL,2025-04-25 08:37:00,16384,NULL,<blank>,0,ccledu_wp186,wp3w_wpxlsdata_shortcode,def,NULL,NULL,NULL,NULL,0,<blank>,NULL,NULL,NULL,NULL,NULL,NULL,NULL
0,NULL,0,NULL,2025-04-25 08:36:59,16384,NULL,<blank>,0,ccledu_wp186,wp3w_wpxlsdata_meta,def,NULL,NULL,NULL,NULL,0,<blank>,NULL,NULL,NULL,NULL,NULL,NULL,NULL
0,NULL,0,NULL,2025-04-24 10:16:37,0,2025-04-24 10:16:37,<blank>,1024,ccledu_wp186,wp3w_pmxi_hash,def,NULL,281474976710655,NULL,NULL,0,<blank>,NULL,NULL,NULL,NULL,NULL,NULL,NULL
0,NULL,0,NULL,2025-04-24 10:16:37,0,2025-04-24 10:16:37,<blank>,1024,ccledu_wp186,wp3w_pmxi_images,def,NULL,281474976710655,NULL,NULL,0,<blank>,NULL,NULL,NULL,NULL,NULL,NULL,NULL
0,NULL,24,NULL,2025-04-24 09:28:16,2180,2025-04-30 08:24:44,<blank>,10240,ccledu_wp186,wp3w_usermeta,def,NULL,281474976710655,NULL,NULL,90,<blank>,NULL,NULL,NULL,NULL,NULL,NULL,NULL
0,NULL,0,NULL,2025-04-24 10:16:37,0,2025-04-24 10:16:37,<blank>,1024,ccledu_wp186,wp3w_pmxi_templates,def,NULL,281474976710655,NULL,NULL,0,<blank>,NULL,NULL,NULL,NULL,NULL,NULL,NULL

