PACKED,IGNORED,NULLABLE,SUB_PART,COMMENT,INDEX_NAME,INDEX_TYPE,NON_UNIQUE,COLLATION,INDEX_SCHEMA,SEQ_IN_INDEX,TABLE_SCHEMA,TABLE_NAME,INDEX_COMMENT,TABLE_CATALOG,CARDINALITY,COLUMN_NAME
NULL,NO,<blank>,NULL,<blank>,PRIMARY,BTREE,0,A,ccledu_next480,1,ccledu_next480,oc_external_options,<blank>,def,0,option_id
NULL,NO,<blank>,NULL,<blank>,option_mount_key,BTREE,0,A,ccledu_next480,1,ccledu_next480,oc_external_options,<blank>,def,0,mount_id
NULL,NO,<blank>,NULL,<blank>,option_mount_key,BTREE,0,A,ccledu_next480,2,ccledu_next480,oc_external_options,<blank>,def,0,key
NULL,NO,<blank>,NULL,<blank>,PRIMARY,BTREE,0,A,ccledu_next480,1,ccledu_next480,oc_addressbooks,<blank>,def,0,id
NULL,NO,YES,NULL,<blank>,addressbook_index,BTREE,0,A,ccledu_next480,1,ccledu_next480,oc_addressbooks,<blank>,def,0,principaluri
NULL,NO,YES,NULL,<blank>,addressbook_index,BTREE,0,A,ccledu_next480,2,ccledu_next480,oc_addressbooks,<blank>,def,0,uri
NULL,NO,<blank>,NULL,<blank>,PRIMARY,BTREE,0,A,ccledu_next480,1,ccledu_next480,oc_circles_member,<blank>,def,2,id
NULL,NO,<blank>,NULL,<blank>,circles_member_cisiuiutil,BTREE,1,A,ccledu_next480,1,ccledu_next480,oc_circles_member,<blank>,def,2,circle_id
NULL,NO,YES,NULL,<blank>,circles_member_cisiuiutil,BTREE,1,A,ccledu_next480,2,ccledu_next480,oc_circles_member,<blank>,def,2,single_id
NULL,NO,<blank>,NULL,<blank>,circles_member_cisiuiutil,BTREE,1,A,ccledu_next480,3,ccledu_next480,oc_circles_member,<blank>,def,2,user_id
NULL,NO,<blank>,NULL,<blank>,circles_member_cisiuiutil,BTREE,1,A,ccledu_next480,4,ccledu_next480,oc_circles_member,<blank>,def,2,user_type
NULL,NO,YES,NULL,<blank>,circles_member_cisiuiutil,BTREE,1,A,ccledu_next480,5,ccledu_next480,oc_circles_member,<blank>,def,2,instance
NULL,NO,<blank>,NULL,<blank>,circles_member_cisiuiutil,BTREE,1,A,ccledu_next480,6,ccledu_next480,oc_circles_member,<blank>,def,2,level
NULL,NO,<blank>,NULL,<blank>,circles_member_cisi,BTREE,1,A,ccledu_next480,1,ccledu_next480,oc_circles_member,<blank>,def,2,circle_id
NULL,NO,YES,NULL,<blank>,circles_member_cisi,BTREE,1,A,ccledu_next480,2,ccledu_next480,oc_circles_member,<blank>,def,2,single_id
NULL,NO,YES,NULL,<blank>,IDX_25C66A49E7A1254A,BTREE,1,A,ccledu_next480,1,ccledu_next480,oc_circles_member,<blank>,def,2,contact_id
NULL,NO,<blank>,NULL,<blank>,PRIMARY,BTREE,0,A,ccledu_next480,1,ccledu_next480,oc_external_applicable,<blank>,def,0,applicable_id
NULL,NO,<blank>,NULL,<blank>,applicable_type_value_mount,BTREE,0,A,ccledu_next480,1,ccledu_next480,oc_external_applicable,<blank>,def,0,type
NULL,NO,YES,NULL,<blank>,applicable_type_value_mount,BTREE,0,A,ccledu_next480,2,ccledu_next480,oc_external_applicable,<blank>,def,0,value
NULL,NO,<blank>,NULL,<blank>,applicable_type_value_mount,BTREE,0,A,ccledu_next480,3,ccledu_next480,oc_external_applicable,<blank>,def,0,mount_id
NULL,NO,<blank>,NULL,<blank>,applicable_mount,BTREE,1,A,ccledu_next480,1,ccledu_next480,oc_external_applicable,<blank>,def,0,mount_id
NULL,NO,<blank>,NULL,<blank>,PRIMARY,BTREE,0,A,ccledu_next480,1,ccledu_next480,oc_ratelimit_entries,<blank>,def,2,id
NULL,NO,<blank>,NULL,<blank>,ratelimit_hash,BTREE,1,A,ccledu_next480,1,ccledu_next480,oc_ratelimit_entries,<blank>,def,2,hash
NULL,NO,<blank>,NULL,<blank>,ratelimit_delete_after,BTREE,1,A,ccledu_next480,1,ccledu_next480,oc_ratelimit_entries,<blank>,def,2,delete_after
NULL,NO,<blank>,NULL,<blank>,PRIMARY,BTREE,0,A,ccledu_next480,1,ccledu_next480,oc_systemtag_group,<blank>,def,0,gid
NULL,NO,<blank>,NULL,<blank>,PRIMARY,BTREE,0,A,ccledu_next480,2,ccledu_next480,oc_systemtag_group,<blank>,def,0,systemtagid
NULL,NO,<blank>,NULL,<blank>,PRIMARY,BTREE,0,A,ccledu_next480,1,ccledu_next480,oc_notifications_settings,<blank>,def,0,id
NULL,NO,<blank>,NULL,<blank>,notset_user,BTREE,0,A,ccledu_next480,1,ccledu_next480,oc_notifications_settings,<blank>,def,0,user_id
NULL,NO,<blank>,NULL,<blank>,notset_nextsend,BTREE,1,A,ccledu_next480,1,ccledu_next480,oc_notifications_settings,<blank>,def,0,next_send_time
NULL,NO,<blank>,NULL,<blank>,PRIMARY,BTREE,0,A,ccledu_next480,1,ccledu_next480,oc_group_user,<blank>,def,0,gid
NULL,NO,<blank>,NULL,<blank>,PRIMARY,BTREE,0,A,ccledu_next480,2,ccledu_next480,oc_group_user,<blank>,def,0,uid
NULL,NO,<blank>,NULL,<blank>,gu_uid_index,BTREE,1,A,ccledu_next480,1,ccledu_next480,oc_group_user,<blank>,def,0,uid
NULL,NO,<blank>,NULL,<blank>,PRIMARY,BTREE,0,A,ccledu_next480,1,ccledu_next480,oc_systemtag_object_mapping,<blank>,def,0,objecttype
NULL,NO,<blank>,NULL,<blank>,PRIMARY,BTREE,0,A,ccledu_next480,2,ccledu_next480,oc_systemtag_object_mapping,<blank>,def,0,objectid
NULL,NO,<blank>,NULL,<blank>,PRIMARY,BTREE,0,A,ccledu_next480,3,ccledu_next480,oc_systemtag_object_mapping,<blank>,def,0,systemtagid
NULL,NO,<blank>,NULL,<blank>,systag_by_tagid,BTREE,1,A,ccledu_next480,1,ccledu_next480,oc_systemtag_object_mapping,<blank>,def,0,systemtagid
NULL,NO,<blank>,NULL,<blank>,systag_by_tagid,BTREE,1,A,ccledu_next480,2,ccledu_next480,oc_systemtag_object_mapping,<blank>,def,0,objecttype
NULL,NO,<blank>,NULL,<blank>,PRIMARY,BTREE,0,A,ccledu_next480,1,ccledu_next480,oc_mounts,<blank>,def,0,id
NULL,NO,<blank>,NULL,<blank>,mounts_storage_index,BTREE,1,A,ccledu_next480,1,ccledu_next480,oc_mounts,<blank>,def,0,storage_id
NULL,NO,<blank>,NULL,<blank>,mounts_root_index,BTREE,1,A,ccledu_next480,1,ccledu_next480,oc_mounts,<blank>,def,0,root_id
NULL,NO,YES,NULL,<blank>,mounts_mount_id_index,BTREE,1,A,ccledu_next480,1,ccledu_next480,oc_mounts,<blank>,def,0,mount_id
NULL,NO,<blank>,NULL,<blank>,mounts_user_root_path_index,BTREE,1,A,ccledu_next480,1,ccledu_next480,oc_mounts,<blank>,def,0,user_id
NULL,NO,<blank>,NULL,<blank>,mounts_user_root_path_index,BTREE,1,A,ccledu_next480,2,ccledu_next480,oc_mounts,<blank>,def,0,root_id
NULL,NO,<blank>,128,<blank>,mounts_user_root_path_index,BTREE,1,A,ccledu_next480,3,ccledu_next480,oc_mounts,<blank>,def,0,mount_point
NULL,NO,YES,NULL,<blank>,mounts_class_index,BTREE,1,A,ccledu_next480,1,ccledu_next480,oc_mounts,<blank>,def,0,mount_provider_class
NULL,NO,<blank>,NULL,<blank>,mount_user_storage,BTREE,1,A,ccledu_next480,1,ccledu_next480,oc_mounts,<blank>,def,0,storage_id
NULL,NO,<blank>,NULL,<blank>,mount_user_storage,BTREE,1,A,ccledu_next480,2,ccledu_next480,oc_mounts,<blank>,def,0,user_id
NULL,NO,<blank>,NULL,<blank>,PRIMARY,BTREE,0,A,ccledu_next480,1,ccledu_next480,oc_circles_mountpoint,<blank>,def,0,id
NULL,NO,<blank>,NULL,<blank>,circles_mountpoint_ms,BTREE,1,A,ccledu_next480,1,ccledu_next480,oc_circles_mountpoint,<blank>,def,0,mount_id
NULL,NO,<blank>,NULL,<blank>,circles_mountpoint_ms,BTREE,1,A,ccledu_next480,2,ccledu_next480,oc_circles_mountpoint,<blank>,def,0,single_id
NULL,NO,<blank>,NULL,<blank>,PRIMARY,BTREE,0,A,ccledu_next480,1,ccledu_next480,oc_taskprocessing_tasks,<blank>,def,0,id
NULL,NO,YES,NULL,<blank>,taskp_tasks_status_type,BTREE,1,A,ccledu_next480,1,ccledu_next480,oc_taskprocessing_tasks,<blank>,def,0,status
NULL,NO,<blank>,NULL,<blank>,taskp_tasks_status_type,BTREE,1,A,ccledu_next480,2,ccledu_next480,oc_taskprocessing_tasks,<blank>,def,0,type
NULL,NO,YES,NULL,<blank>,taskp_tasks_updated,BTREE,1,A,ccledu_next480,1,ccledu_next480,oc_taskprocessing_tasks,<blank>,def,0,last_updated
NULL,NO,YES,NULL,<blank>,taskp_tasks_uid_appid_cid,BTREE,1,A,ccledu_next480,1,ccledu_next480,oc_taskprocessing_tasks,<blank>,def,0,user_id
NULL,NO,<blank>,NULL,<blank>,taskp_tasks_uid_appid_cid,BTREE,1,A,ccledu_next480,2,ccledu_next480,oc_taskprocessing_tasks,<blank>,def,0,app_id
NULL,NO,YES,NULL,<blank>,taskp_tasks_uid_appid_cid,BTREE,1,A,ccledu_next480,3,ccledu_next480,oc_taskprocessing_tasks,<blank>,def,0,custom_id
NULL,NO,<blank>,NULL,<blank>,PRIMARY,BTREE,0,A,ccledu_next480,1,ccledu_next480,oc_circles_remote,<blank>,def,0,id
NULL,NO,YES,NULL,<blank>,UNIQ_F94EF834230B1DE,BTREE,0,A,ccledu_next480,1,ccledu_next480,oc_circles_remote,<blank>,def,0,instance
NULL,NO,YES,NULL,<blank>,IDX_F94EF83539B0606,BTREE,1,A,ccledu_next480,1,ccledu_next480,oc_circles_remote,<blank>,def,0,uid
NULL,NO,YES,NULL,<blank>,IDX_F94EF8334F8E741,BTREE,1,A,ccledu_next480,1,ccledu_next480,oc_circles_remote,<blank>,def,0,href
NULL,NO,<blank>,NULL,<blank>,PRIMARY,BTREE,0,A,ccledu_next480,1,ccledu_next480,oc_ex_occ_commands,<blank>,def,0,id
NULL,NO,<blank>,NULL,<blank>,ex_occ_commands__idx,BTREE,0,A,ccledu_next480,1,ccledu_next480,oc_ex_occ_commands,<blank>,def,0,appid
NULL,NO,<blank>,NULL,<blank>,ex_occ_commands__idx,BTREE,0,A,ccledu_next480,2,ccledu_next480,oc_ex_occ_commands,<blank>,def,0,name
NULL,NO,<blank>,NULL,<blank>,PRIMARY,BTREE,0,A,ccledu_next480,1,ccledu_next480,oc_ex_apps_daemons,<blank>,def,0,id
NULL,NO,<blank>,NULL,<blank>,ex_apps_daemons__name,BTREE,0,A,ccledu_next480,1,ccledu_next480,oc_ex_apps_daemons,<blank>,def,0,name
NULL,NO,<blank>,NULL,<blank>,PRIMARY,BTREE,0,A,ccledu_next480,1,ccledu_next480,oc_users,<blank>,def,0,uid
NULL,NO,YES,NULL,<blank>,user_uid_lower,BTREE,1,A,ccledu_next480,1,ccledu_next480,oc_users,<blank>,def,0,uid_lower
NULL,NO,<blank>,NULL,<blank>,PRIMARY,BTREE,0,A,ccledu_next480,1,ccledu_next480,oc_ex_ui_states,<blank>,def,0,id
NULL,NO,<blank>,NULL,<blank>,ui_state__idx,BTREE,0,A,ccledu_next480,1,ccledu_next480,oc_ex_ui_states,<blank>,def,0,appid
NULL,NO,<blank>,NULL,<blank>,ui_state__idx,BTREE,0,A,ccledu_next480,2,ccledu_next480,oc_ex_ui_states,<blank>,def,0,type
NULL,NO,<blank>,NULL,<blank>,ui_state__idx,BTREE,0,A,ccledu_next480,3,ccledu_next480,oc_ex_ui_states,<blank>,def,0,name
NULL,NO,<blank>,NULL,<blank>,ui_state__idx,BTREE,0,A,ccledu_next480,4,ccledu_next480,oc_ex_ui_states,<blank>,def,0,key
NULL,NO,<blank>,NULL,<blank>,PRIMARY,BTREE,0,A,ccledu_next480,1,ccledu_next480,oc_ex_event_handlers,<blank>,def,0,id
NULL,NO,<blank>,NULL,<blank>,ex_event_handlers__idx,BTREE,0,A,ccledu_next480,1,ccledu_next480,oc_ex_event_handlers,<blank>,def,0,appid
NULL,NO,<blank>,NULL,<blank>,ex_event_handlers__idx,BTREE,0,A,ccledu_next480,2,ccledu_next480,oc_ex_event_handlers,<blank>,def,0,event_type
NULL,NO,<blank>,NULL,<blank>,PRIMARY,BTREE,0,A,ccledu_next480,1,ccledu_next480,oc_ex_speech_to_text,<blank>,def,0,id
NULL,NO,<blank>,NULL,<blank>,speech_to_text__idx,BTREE,0,A,ccledu_next480,1,ccledu_next480,oc_ex_speech_to_text,<blank>,def,0,appid
NULL,NO,<blank>,NULL,<blank>,speech_to_text__idx,BTREE,0,A,ccledu_next480,2,ccledu_next480,oc_ex_speech_to_text,<blank>,def,0,name
NULL,NO,<blank>,NULL,<blank>,PRIMARY,BTREE,0,A,ccledu_next480,1,ccledu_next480,oc_twofactor_providers,<blank>,def,0,provider_id
NULL,NO,<blank>,NULL,<blank>,PRIMARY,BTREE,0,A,ccledu_next480,2,ccledu_next480,oc_twofactor_providers,<blank>,def,0,uid
NULL,NO,<blank>,NULL,<blank>,twofactor_providers_uid,BTREE,1,A,ccledu_next480,1,ccledu_next480,oc_twofactor_providers,<blank>,def,0,uid
NULL,NO,<blank>,NULL,<blank>,PRIMARY,BTREE,0,A,ccledu_next480,1,ccledu_next480,oc_ex_ui_top_menu,<blank>,def,0,id
NULL,NO,<blank>,NULL,<blank>,ui_top_menu__idx,BTREE,0,A,ccledu_next480,1,ccledu_next480,oc_ex_ui_top_menu,<blank>,def,0,appid
NULL,NO,<blank>,NULL,<blank>,ui_top_menu__idx,BTREE,0,A,ccledu_next480,2,ccledu_next480,oc_ex_ui_top_menu,<blank>,def,0,name
NULL,NO,<blank>,NULL,<blank>,PRIMARY,BTREE,0,A,ccledu_next480,1,ccledu_next480,oc_ex_task_processing,<blank>,def,0,id
NULL,NO,<blank>,NULL,<blank>,task_processing_idx,BTREE,0,A,ccledu_next480,1,ccledu_next480,oc_ex_task_processing,<blank>,def,0,app_id
NULL,NO,<blank>,NULL,<blank>,task_processing_idx,BTREE,0,A,ccledu_next480,2,ccledu_next480,oc_ex_task_processing,<blank>,def,0,name
NULL,NO,<blank>,NULL,<blank>,task_processing_idx,BTREE,0,A,ccledu_next480,3,ccledu_next480,oc_ex_task_processing,<blank>,def,0,task_type
NULL,NO,<blank>,NULL,<blank>,PRIMARY,BTREE,0,A,ccledu_next480,1,ccledu_next480,oc_ex_text_processing_q,<blank>,def,0,id
NULL,NO,<blank>,NULL,<blank>,IDX_CB97986AA64FAB3C,BTREE,1,A,ccledu_next480,1,ccledu_next480,oc_ex_text_processing_q,<blank>,def,0,finished
NULL,NO,<blank>,NULL,<blank>,PRIMARY,BTREE,0,A,ccledu_next480,1,ccledu_next480,oc_webhook_listeners,<blank>,def,0,id
NULL,NO,<blank>,NULL,<blank>,PRIMARY,BTREE,0,A,ccledu_next480,1,ccledu_next480,oc_calendarchanges,<blank>,def,0,id
NULL,NO,<blank>,NULL,<blank>,calid_type_synctoken,BTREE,1,A,ccledu_next480,1,ccledu_next480,oc_calendarchanges,<blank>,def,0,calendarid
NULL,NO,<blank>,NULL,<blank>,calid_type_synctoken,BTREE,1,A,ccledu_next480,2,ccledu_next480,oc_calendarchanges,<blank>,def,0,calendartype
NULL,NO,<blank>,NULL,<blank>,calid_type_synctoken,BTREE,1,A,ccledu_next480,3,ccledu_next480,oc_calendarchanges,<blank>,def,0,synctoken
NULL,NO,<blank>,NULL,<blank>,PRIMARY,BTREE,0,A,ccledu_next480,1,ccledu_next480,oc_calendarsubscriptions,<blank>,def,0,id
NULL,NO,YES,NULL,<blank>,calsub_index,BTREE,0,A,ccledu_next480,1,ccledu_next480,oc_calendarsubscriptions,<blank>,def,0,principaluri
NULL,NO,YES,NULL,<blank>,calsub_index,BTREE,0,A,ccledu_next480,2,ccledu_next480,oc_calendarsubscriptions,<blank>,def,0,uri
NULL,NO,<blank>,NULL,<blank>,PRIMARY,BTREE,0,A,ccledu_next480,1,ccledu_next480,oc_dav_shares,<blank>,def,0,id
NULL,NO,YES,NULL,<blank>,dav_shares_index,BTREE,0,A,ccledu_next480,1,ccledu_next480,oc_dav_shares,<blank>,def,0,principaluri
NULL,NO,<blank>,NULL,<blank>,dav_shares_index,BTREE,0,A,ccledu_next480,2,ccledu_next480,oc_dav_shares,<blank>,def,0,resourceid
NULL,NO,YES,NULL,<blank>,dav_shares_index,BTREE,0,A,ccledu_next480,3,ccledu_next480,oc_dav_shares,<blank>,def,0,type
NULL,NO,YES,NULL,<blank>,dav_shares_index,BTREE,0,A,ccledu_next480,4,ccledu_next480,oc_dav_shares,<blank>,def,0,publicuri
NULL,NO,<blank>,NULL,<blank>,dav_shares_resourceid_type,BTREE,1,A,ccledu_next480,1,ccledu_next480,oc_dav_shares,<blank>,def,0,resourceid
NULL,NO,YES,NULL,<blank>,dav_shares_resourceid_type,BTREE,1,A,ccledu_next480,2,ccledu_next480,oc_dav_shares,<blank>,def,0,type
NULL,NO,<blank>,NULL,<blank>,dav_shares_resourceid_access,BTREE,1,A,ccledu_next480,1,ccledu_next480,oc_dav_shares,<blank>,def,0,resourceid
NULL,NO,YES,NULL,<blank>,dav_shares_resourceid_access,BTREE,1,A,ccledu_next480,2,ccledu_next480,oc_dav_shares,<blank>,def,0,access
NULL,NO,<blank>,NULL,<blank>,PRIMARY,BTREE,0,A,ccledu_next480,1,ccledu_next480,oc_jobs,<blank>,def,112,id
NULL,NO,<blank>,NULL,<blank>,job_class_index,BTREE,1,A,ccledu_next480,1,ccledu_next480,oc_jobs,<blank>,def,112,class
NULL,NO,YES,NULL,<blank>,job_lastcheck_reserved,BTREE,1,A,ccledu_next480,1,ccledu_next480,oc_jobs,<blank>,def,112,last_checked
NULL,NO,YES,NULL,<blank>,job_lastcheck_reserved,BTREE,1,A,ccledu_next480,2,ccledu_next480,oc_jobs,<blank>,def,112,reserved_at
NULL,NO,<blank>,NULL,<blank>,job_argument_hash,BTREE,1,A,ccledu_next480,1,ccledu_next480,oc_jobs,<blank>,def,112,class
NULL,NO,YES,NULL,<blank>,job_argument_hash,BTREE,1,A,ccledu_next480,2,ccledu_next480,oc_jobs,<blank>,def,112,argument_hash
NULL,NO,<blank>,NULL,<blank>,jobs_time_sensitive,BTREE,1,A,ccledu_next480,1,ccledu_next480,oc_jobs,<blank>,def,4,time_sensitive
NULL,NO,<blank>,NULL,<blank>,PRIMARY,BTREE,0,A,ccledu_next480,1,ccledu_next480,oc_accounts,<blank>,def,0,uid
NULL,NO,<blank>,NULL,<blank>,PRIMARY,BTREE,0,A,ccledu_next480,1,ccledu_next480,oc_notifications_pushhash,<blank>,def,0,id
NULL,NO,<blank>,NULL,<blank>,oc_npushhash_uid,BTREE,0,A,ccledu_next480,1,ccledu_next480,oc_notifications_pushhash,<blank>,def,0,uid
NULL,NO,<blank>,NULL,<blank>,oc_npushhash_uid,BTREE,0,A,ccledu_next480,2,ccledu_next480,oc_notifications_pushhash,<blank>,def,0,token
NULL,NO,<blank>,NULL,<blank>,oc_npushhash_di,BTREE,1,A,ccledu_next480,1,ccledu_next480,oc_notifications_pushhash,<blank>,def,0,deviceidentifier
NULL,NO,<blank>,NULL,<blank>,PRIMARY,BTREE,0,A,ccledu_next480,1,ccledu_next480,oc_dav_absence,<blank>,def,0,id
NULL,NO,<blank>,NULL,<blank>,dav_absence_uid_idx,BTREE,0,A,ccledu_next480,1,ccledu_next480,oc_dav_absence,<blank>,def,0,user_id
NULL,NO,<blank>,NULL,<blank>,PRIMARY,BTREE,0,A,ccledu_next480,1,ccledu_next480,oc_migrations,<blank>,def,68,app
NULL,NO,<blank>,NULL,<blank>,PRIMARY,BTREE,0,A,ccledu_next480,2,ccledu_next480,oc_migrations,<blank>,def,205,version
NULL,NO,<blank>,NULL,<blank>,PRIMARY,BTREE,0,A,ccledu_next480,1,ccledu_next480,oc_calendar_invitations,<blank>,def,0,id
NULL,NO,<blank>,NULL,<blank>,calendar_invitation_tokens,BTREE,1,A,ccledu_next480,1,ccledu_next480,oc_calendar_invitations,<blank>,def,0,token
NULL,NO,<blank>,NULL,<blank>,PRIMARY,BTREE,0,A,ccledu_next480,1,ccledu_next480,oc_flow_operations,<blank>,def,0,id
NULL,NO,<blank>,NULL,<blank>,PRIMARY,BTREE,0,A,ccledu_next480,1,ccledu_next480,oc_external_mounts,<blank>,def,0,mount_id
NULL,NO,<blank>,NULL,<blank>,PRIMARY,BTREE,0,A,ccledu_next480,1,ccledu_next480,oc_group_admin,<blank>,def,0,gid
NULL,NO,<blank>,NULL,<blank>,PRIMARY,BTREE,0,A,ccledu_next480,2,ccledu_next480,oc_group_admin,<blank>,def,0,uid
NULL,NO,<blank>,NULL,<blank>,group_admin_uid,BTREE,1,A,ccledu_next480,1,ccledu_next480,oc_group_admin,<blank>,def,0,uid
NULL,NO,<blank>,NULL,<blank>,PRIMARY,BTREE,0,A,ccledu_next480,1,ccledu_next480,oc_calendars,<blank>,def,0,id
NULL,NO,YES,NULL,<blank>,calendars_index,BTREE,0,A,ccledu_next480,1,ccledu_next480,oc_calendars,<blank>,def,0,principaluri
NULL,NO,YES,NULL,<blank>,calendars_index,BTREE,0,A,ccledu_next480,2,ccledu_next480,oc_calendars,<blank>,def,0,uri
NULL,NO,YES,NULL,<blank>,cals_princ_del_idx,BTREE,1,A,ccledu_next480,1,ccledu_next480,oc_calendars,<blank>,def,0,principaluri
NULL,NO,YES,NULL,<blank>,cals_princ_del_idx,BTREE,1,A,ccledu_next480,2,ccledu_next480,oc_calendars,<blank>,def,0,deleted_at
NULL,NO,<blank>,NULL,<blank>,PRIMARY,BTREE,0,A,ccledu_next480,1,ccledu_next480,oc_vcategory_to_object,<blank>,def,0,categoryid
NULL,NO,<blank>,NULL,<blank>,PRIMARY,BTREE,0,A,ccledu_next480,2,ccledu_next480,oc_vcategory_to_object,<blank>,def,0,objid
NULL,NO,<blank>,NULL,<blank>,PRIMARY,BTREE,0,A,ccledu_next480,3,ccledu_next480,oc_vcategory_to_object,<blank>,def,0,type
NULL,NO,<blank>,NULL,<blank>,vcategory_objectd_index,BTREE,1,A,ccledu_next480,1,ccledu_next480,oc_vcategory_to_object,<blank>,def,0,objid
NULL,NO,<blank>,NULL,<blank>,vcategory_objectd_index,BTREE,1,A,ccledu_next480,2,ccledu_next480,oc_vcategory_to_object,<blank>,def,0,type
NULL,NO,<blank>,NULL,<blank>,PRIMARY,BTREE,0,A,ccledu_next480,1,ccledu_next480,oc_files_trash,<blank>,def,4,auto_id
NULL,NO,<blank>,NULL,<blank>,id_index,BTREE,1,A,ccledu_next480,1,ccledu_next480,oc_files_trash,<blank>,def,4,id
NULL,NO,<blank>,NULL,<blank>,timestamp_index,BTREE,1,A,ccledu_next480,1,ccledu_next480,oc_files_trash,<blank>,def,2,timestamp
NULL,NO,<blank>,NULL,<blank>,user_index,BTREE,1,A,ccledu_next480,1,ccledu_next480,oc_files_trash,<blank>,def,2,user
NULL,NO,<blank>,NULL,<blank>,PRIMARY,BTREE,0,A,ccledu_next480,1,ccledu_next480,oc_cards_properties,<blank>,def,6,id
NULL,NO,<blank>,NULL,<blank>,card_contactid_index,BTREE,1,A,ccledu_next480,1,ccledu_next480,oc_cards_properties,<blank>,def,2,cardid
NULL,NO,YES,NULL,<blank>,card_name_index,BTREE,1,A,ccledu_next480,1,ccledu_next480,oc_cards_properties,<blank>,def,6,name
NULL,NO,YES,NULL,<blank>,card_value_index,BTREE,1,A,ccledu_next480,1,ccledu_next480,oc_cards_properties,<blank>,def,6,value
NULL,NO,<blank>,NULL,<blank>,cards_prop_abid,BTREE,1,A,ccledu_next480,1,ccledu_next480,oc_cards_properties,<blank>,def,2,addressbookid
NULL,NO,<blank>,NULL,<blank>,PRIMARY,BTREE,0,A,ccledu_next480,1,ccledu_next480,oc_ex_settings_forms,<blank>,def,0,id
NULL,NO,<blank>,NULL,<blank>,ex_settings_forms__idx,BTREE,0,A,ccledu_next480,1,ccledu_next480,oc_ex_settings_forms,<blank>,def,0,appid
NULL,NO,<blank>,NULL,<blank>,ex_settings_forms__idx,BTREE,0,A,ccledu_next480,2,ccledu_next480,oc_ex_settings_forms,<blank>,def,0,formid
NULL,NO,<blank>,NULL,<blank>,PRIMARY,BTREE,0,A,ccledu_next480,1,ccledu_next480,oc_share_external,<blank>,def,0,id
NULL,NO,<blank>,NULL,<blank>,sh_external_mp,BTREE,0,A,ccledu_next480,1,ccledu_next480,oc_share_external,<blank>,def,0,user
NULL,NO,<blank>,NULL,<blank>,sh_external_mp,BTREE,0,A,ccledu_next480,2,ccledu_next480,oc_share_external,<blank>,def,0,mountpoint_hash
NULL,NO,<blank>,NULL,<blank>,PRIMARY,BTREE,0,A,ccledu_next480,1,ccledu_next480,oc_shares_limits,<blank>,def,0,id
NULL,NO,<blank>,NULL,<blank>,PRIMARY,BTREE,0,A,ccledu_next480,1,ccledu_next480,oc_external_config,<blank>,def,0,config_id
NULL,NO,<blank>,NULL,<blank>,config_mount_key,BTREE,0,A,ccledu_next480,1,ccledu_next480,oc_external_config,<blank>,def,0,mount_id
NULL,NO,<blank>,NULL,<blank>,config_mount_key,BTREE,0,A,ccledu_next480,2,ccledu_next480,oc_external_config,<blank>,def,0,key
NULL,NO,<blank>,NULL,<blank>,PRIMARY,BTREE,0,A,ccledu_next480,1,ccledu_next480,oc_photos_albums,<blank>,def,0,album_id
NULL,NO,<blank>,NULL,<blank>,pa_user,BTREE,1,A,ccledu_next480,1,ccledu_next480,oc_photos_albums,<blank>,def,0,user
NULL,NO,<blank>,NULL,<blank>,PRIMARY,BTREE,0,A,ccledu_next480,1,ccledu_next480,oc_directlink,<blank>,def,0,id
NULL,NO,YES,NULL,<blank>,directlink_token_idx,BTREE,1,A,ccledu_next480,1,ccledu_next480,oc_directlink,<blank>,def,0,token
NULL,NO,<blank>,NULL,<blank>,directlink_expiration_idx,BTREE,1,A,ccledu_next480,1,ccledu_next480,oc_directlink,<blank>,def,0,expiration
NULL,NO,<blank>,NULL,<blank>,PRIMARY,BTREE,0,A,ccledu_next480,1,ccledu_next480,oc_calendar_rooms,<blank>,def,0,id
NULL,NO,YES,NULL,<blank>,calendar_rooms_bkdrsc,BTREE,1,A,ccledu_next480,1,ccledu_next480,oc_calendar_rooms,<blank>,def,0,backend_id
NULL,NO,YES,NULL,<blank>,calendar_rooms_bkdrsc,BTREE,1,A,ccledu_next480,2,ccledu_next480,oc_calendar_rooms,<blank>,def,0,resource_id
NULL,NO,YES,NULL,<blank>,calendar_rooms_email,BTREE,1,A,ccledu_next480,1,ccledu_next480,oc_calendar_rooms,<blank>,def,0,email
NULL,NO,YES,NULL,<blank>,calendar_rooms_name,BTREE,1,A,ccledu_next480,1,ccledu_next480,oc_calendar_rooms,<blank>,def,0,displayname
NULL,NO,<blank>,NULL,<blank>,PRIMARY,BTREE,0,A,ccledu_next480,1,ccledu_next480,oc_collres_collections,<blank>,def,0,id
NULL,NO,<blank>,NULL,<blank>,PRIMARY,BTREE,0,A,ccledu_next480,1,ccledu_next480,oc_calendarobjects,<blank>,def,0,id
NULL,NO,<blank>,NULL,<blank>,calobjects_index,BTREE,0,A,ccledu_next480,1,ccledu_next480,oc_calendarobjects,<blank>,def,0,calendarid
NULL,NO,<blank>,NULL,<blank>,calobjects_index,BTREE,0,A,ccledu_next480,2,ccledu_next480,oc_calendarobjects,<blank>,def,0,calendartype
NULL,NO,YES,NULL,<blank>,calobjects_index,BTREE,0,A,ccledu_next480,3,ccledu_next480,oc_calendarobjects,<blank>,def,0,uri
NULL,NO,YES,NULL,<blank>,calobj_clssfction_index,BTREE,1,A,ccledu_next480,1,ccledu_next480,oc_calendarobjects,<blank>,def,0,classification
NULL,NO,<blank>,NULL,<blank>,PRIMARY,BTREE,0,A,ccledu_next480,1,ccledu_next480,oc_calendar_resources,<blank>,def,0,id
NULL,NO,YES,NULL,<blank>,calendar_resources_bkdrsc,BTREE,1,A,ccledu_next480,1,ccledu_next480,oc_calendar_resources,<blank>,def,0,backend_id
NULL,NO,YES,NULL,<blank>,calendar_resources_bkdrsc,BTREE,1,A,ccledu_next480,2,ccledu_next480,oc_calendar_resources,<blank>,def,0,resource_id
NULL,NO,YES,NULL,<blank>,calendar_resources_email,BTREE,1,A,ccledu_next480,1,ccledu_next480,oc_calendar_resources,<blank>,def,0,email
NULL,NO,YES,NULL,<blank>,calendar_resources_name,BTREE,1,A,ccledu_next480,1,ccledu_next480,oc_calendar_resources,<blank>,def,0,displayname
NULL,NO,<blank>,NULL,<blank>,PRIMARY,BTREE,0,A,ccledu_next480,1,ccledu_next480,oc_direct_edit,<blank>,def,0,id
NULL,NO,<blank>,NULL,<blank>,IDX_4D5AFECA5F37A13B,BTREE,1,A,ccledu_next480,1,ccledu_next480,oc_direct_edit,<blank>,def,0,token
NULL,NO,<blank>,NULL,<blank>,direct_edit_timestamp,BTREE,1,A,ccledu_next480,1,ccledu_next480,oc_direct_edit,<blank>,def,0,timestamp
NULL,NO,<blank>,NULL,<blank>,PRIMARY,BTREE,0,A,ccledu_next480,1,ccledu_next480,oc_recent_contact,<blank>,def,0,id
NULL,NO,<blank>,NULL,<blank>,recent_contact_actor_uid,BTREE,1,A,ccledu_next480,1,ccledu_next480,oc_recent_contact,<blank>,def,0,actor_uid
NULL,NO,<blank>,NULL,<blank>,recent_contact_id_uid,BTREE,1,A,ccledu_next480,1,ccledu_next480,oc_recent_contact,<blank>,def,0,id
NULL,NO,<blank>,NULL,<blank>,recent_contact_id_uid,BTREE,1,A,ccledu_next480,2,ccledu_next480,oc_recent_contact,<blank>,def,0,actor_uid
NULL,NO,YES,NULL,<blank>,recent_contact_uid,BTREE,1,A,ccledu_next480,1,ccledu_next480,oc_recent_contact,<blank>,def,0,uid
NULL,NO,YES,NULL,<blank>,recent_contact_email,BTREE,1,A,ccledu_next480,1,ccledu_next480,oc_recent_contact,<blank>,def,0,email
NULL,NO,YES,NULL,<blank>,recent_contact_fed_id,BTREE,1,A,ccledu_next480,1,ccledu_next480,oc_recent_contact,<blank>,def,0,federated_cloud_id
NULL,NO,<blank>,NULL,<blank>,recent_contact_last_contact,BTREE,1,A,ccledu_next480,1,ccledu_next480,oc_recent_contact,<blank>,def,0,last_contact
NULL,NO,<blank>,NULL,<blank>,PRIMARY,BTREE,0,A,ccledu_next480,1,ccledu_next480,oc_whats_new,<blank>,def,0,id
NULL,NO,<blank>,NULL,<blank>,version,BTREE,0,A,ccledu_next480,1,ccledu_next480,oc_whats_new,<blank>,def,0,version
NULL,NO,<blank>,NULL,<blank>,version_etag_idx,BTREE,1,A,ccledu_next480,1,ccledu_next480,oc_whats_new,<blank>,def,0,version
NULL,NO,<blank>,NULL,<blank>,version_etag_idx,BTREE,1,A,ccledu_next480,2,ccledu_next480,oc_whats_new,<blank>,def,0,etag
NULL,NO,<blank>,NULL,<blank>,PRIMARY,BTREE,0,A,ccledu_next480,1,ccledu_next480,oc_ex_ui_files_actions,<blank>,def,0,id
NULL,NO,<blank>,NULL,<blank>,ex_ui_files_actions__idx,BTREE,0,A,ccledu_next480,1,ccledu_next480,oc_ex_ui_files_actions,<blank>,def,0,appid
NULL,NO,<blank>,NULL,<blank>,ex_ui_files_actions__idx,BTREE,0,A,ccledu_next480,2,ccledu_next480,oc_ex_ui_files_actions,<blank>,def,0,name
NULL,NO,<blank>,NULL,<blank>,PRIMARY,BTREE,0,A,ccledu_next480,1,ccledu_next480,oc_photos_albums_files,<blank>,def,0,album_file_id
NULL,NO,<blank>,NULL,<blank>,paf_album_file,BTREE,0,A,ccledu_next480,1,ccledu_next480,oc_photos_albums_files,<blank>,def,0,album_id
NULL,NO,<blank>,NULL,<blank>,paf_album_file,BTREE,0,A,ccledu_next480,2,ccledu_next480,oc_photos_albums_files,<blank>,def,0,file_id
NULL,NO,<blank>,NULL,<blank>,paf_folder,BTREE,1,A,ccledu_next480,1,ccledu_next480,oc_photos_albums_files,<blank>,def,0,album_id
NULL,NO,<blank>,NULL,<blank>,PRIMARY,BTREE,0,A,ccledu_next480,1,ccledu_next480,oc_notifications,<blank>,def,2,notification_id
NULL,NO,<blank>,NULL,<blank>,oc_notifications_app,BTREE,1,A,ccledu_next480,1,ccledu_next480,oc_notifications,<blank>,def,2,app
NULL,NO,<blank>,NULL,<blank>,oc_notifications_user,BTREE,1,A,ccledu_next480,1,ccledu_next480,oc_notifications,<blank>,def,2,user
NULL,NO,<blank>,NULL,<blank>,oc_notifications_timestamp,BTREE,1,A,ccledu_next480,1,ccledu_next480,oc_notifications,<blank>,def,2,timestamp
NULL,NO,<blank>,NULL,<blank>,oc_notifications_object,BTREE,1,A,ccledu_next480,1,ccledu_next480,oc_notifications,<blank>,def,2,object_type
NULL,NO,<blank>,NULL,<blank>,oc_notifications_object,BTREE,1,A,ccledu_next480,2,ccledu_next480,oc_notifications,<blank>,def,2,object_id
NULL,NO,<blank>,NULL,<blank>,PRIMARY,BTREE,0,A,ccledu_next480,1,ccledu_next480,oc_circles_share_lock,<blank>,def,0,id
NULL,NO,<blank>,NULL,<blank>,UNIQ_337F52F8126F525E70EE2FF6,BTREE,0,A,ccledu_next480,1,ccledu_next480,oc_circles_share_lock,<blank>,def,0,item_id
NULL,NO,<blank>,NULL,<blank>,UNIQ_337F52F8126F525E70EE2FF6,BTREE,0,A,ccledu_next480,2,ccledu_next480,oc_circles_share_lock,<blank>,def,0,circle_id
NULL,NO,<blank>,NULL,<blank>,PRIMARY,BTREE,0,A,ccledu_next480,1,ccledu_next480,oc_webauthn,<blank>,def,0,id
NULL,NO,<blank>,NULL,<blank>,webauthn_uid,BTREE,1,A,ccledu_next480,1,ccledu_next480,oc_webauthn,<blank>,def,0,uid
NULL,NO,<blank>,NULL,<blank>,webauthn_publicKeyCredentialId,BTREE,1,A,ccledu_next480,1,ccledu_next480,oc_webauthn,<blank>,def,0,public_key_credential_id
NULL,NO,<blank>,NULL,<blank>,PRIMARY,BTREE,0,A,ccledu_next480,1,ccledu_next480,oc_comments,<blank>,def,0,id
NULL,NO,<blank>,NULL,<blank>,comments_parent_id_index,BTREE,1,A,ccledu_next480,1,ccledu_next480,oc_comments,<blank>,def,0,parent_id
NULL,NO,<blank>,NULL,<blank>,comments_topmost_parent_id_idx,BTREE,1,A,ccledu_next480,1,ccledu_next480,oc_comments,<blank>,def,0,topmost_parent_id
NULL,NO,<blank>,NULL,<blank>,comments_object_index,BTREE,1,A,ccledu_next480,1,ccledu_next480,oc_comments,<blank>,def,0,object_type
NULL,NO,<blank>,NULL,<blank>,comments_object_index,BTREE,1,A,ccledu_next480,2,ccledu_next480,oc_comments,<blank>,def,0,object_id
NULL,NO,YES,NULL,<blank>,comments_object_index,BTREE,1,A,ccledu_next480,3,ccledu_next480,oc_comments,<blank>,def,0,creation_timestamp
NULL,NO,<blank>,NULL,<blank>,comments_actor_index,BTREE,1,A,ccledu_next480,1,ccledu_next480,oc_comments,<blank>,def,0,actor_type
NULL,NO,<blank>,NULL,<blank>,comments_actor_index,BTREE,1,A,ccledu_next480,2,ccledu_next480,oc_comments,<blank>,def,0,actor_id
NULL,NO,YES,NULL,<blank>,expire_date,BTREE,1,A,ccledu_next480,1,ccledu_next480,oc_comments,<blank>,def,0,expire_date
NULL,NO,<blank>,NULL,<blank>,PRIMARY,BTREE,0,A,ccledu_next480,1,ccledu_next480,oc_calendar_appt_bookings,<blank>,def,0,id
NULL,NO,<blank>,NULL,<blank>,cal_appt_bk_token_uniq_idx,BTREE,0,A,ccledu_next480,1,ccledu_next480,oc_calendar_appt_bookings,<blank>,def,0,token
NULL,NO,<blank>,NULL,<blank>,PRIMARY,BTREE,0,A,ccledu_next480,1,ccledu_next480,oc_photos_albums_collabs,<blank>,def,0,id
NULL,NO,<blank>,NULL,<blank>,album_collabs_uniq_collab,BTREE,0,A,ccledu_next480,1,ccledu_next480,oc_photos_albums_collabs,<blank>,def,0,album_id
NULL,NO,<blank>,NULL,<blank>,album_collabs_uniq_collab,BTREE,0,A,ccledu_next480,2,ccledu_next480,oc_photos_albums_collabs,<blank>,def,0,collaborator_id
NULL,NO,<blank>,NULL,<blank>,album_collabs_uniq_collab,BTREE,0,A,ccledu_next480,3,ccledu_next480,oc_photos_albums_collabs,<blank>,def,0,collaborator_type
NULL,NO,<blank>,NULL,<blank>,PRIMARY,BTREE,0,A,ccledu_next480,1,ccledu_next480,oc_filecache_extended,<blank>,def,11,fileid
NULL,NO,<blank>,NULL,<blank>,fce_ctime_idx,BTREE,1,A,ccledu_next480,1,ccledu_next480,oc_filecache_extended,<blank>,def,11,creation_time
NULL,NO,<blank>,NULL,<blank>,fce_utime_idx,BTREE,1,A,ccledu_next480,1,ccledu_next480,oc_filecache_extended,<blank>,def,11,upload_time
NULL,NO,<blank>,NULL,<blank>,PRIMARY,BTREE,0,A,ccledu_next480,1,ccledu_next480,oc_text_steps,<blank>,def,0,id
NULL,NO,<blank>,NULL,<blank>,rd_steps_did_idx,BTREE,1,A,ccledu_next480,1,ccledu_next480,oc_text_steps,<blank>,def,0,document_id
NULL,NO,YES,NULL,<blank>,rd_steps_version_idx,BTREE,1,A,ccledu_next480,1,ccledu_next480,oc_text_steps,<blank>,def,0,version
NULL,NO,<blank>,NULL,<blank>,textstep_session,BTREE,1,A,ccledu_next480,1,ccledu_next480,oc_text_steps,<blank>,def,0,session_id
NULL,NO,<blank>,NULL,<blank>,PRIMARY,BTREE,0,A,ccledu_next480,1,ccledu_next480,oc_ex_apps,<blank>,def,0,id
NULL,NO,<blank>,NULL,<blank>,ex_apps__appid,BTREE,0,A,ccledu_next480,1,ccledu_next480,oc_ex_apps,<blank>,def,0,appid
NULL,NO,<blank>,NULL,<blank>,ex_apps_c_port__idx,BTREE,0,A,ccledu_next480,1,ccledu_next480,oc_ex_apps,<blank>,def,0,daemon_config_name
NULL,NO,<blank>,NULL,<blank>,ex_apps_c_port__idx,BTREE,0,A,ccledu_next480,2,ccledu_next480,oc_ex_apps,<blank>,def,0,port
NULL,NO,<blank>,NULL,<blank>,PRIMARY,BTREE,0,A,ccledu_next480,1,ccledu_next480,oc_cards,<blank>,def,0,id
NULL,NO,<blank>,NULL,<blank>,cards_abiduri,BTREE,1,A,ccledu_next480,1,ccledu_next480,oc_cards,<blank>,def,0,addressbookid
NULL,NO,YES,NULL,<blank>,cards_abiduri,BTREE,1,A,ccledu_next480,2,ccledu_next480,oc_cards,<blank>,def,0,uri
NULL,NO,<blank>,NULL,<blank>,PRIMARY,BTREE,0,A,ccledu_next480,1,ccledu_next480,oc_ex_ui_scripts,<blank>,def,0,id
NULL,NO,<blank>,NULL,<blank>,ui_script__idx,BTREE,0,A,ccledu_next480,1,ccledu_next480,oc_ex_ui_scripts,<blank>,def,0,appid
NULL,NO,<blank>,NULL,<blank>,ui_script__idx,BTREE,0,A,ccledu_next480,2,ccledu_next480,oc_ex_ui_scripts,<blank>,def,0,type
NULL,NO,<blank>,NULL,<blank>,ui_script__idx,BTREE,0,A,ccledu_next480,3,ccledu_next480,oc_ex_ui_scripts,<blank>,def,0,name
NULL,NO,<blank>,NULL,<blank>,ui_script__idx,BTREE,0,A,ccledu_next480,4,ccledu_next480,oc_ex_ui_scripts,<blank>,def,0,path
NULL,NO,<blank>,NULL,<blank>,PRIMARY,BTREE,0,A,ccledu_next480,1,ccledu_next480,oc_schedulingobjects,<blank>,def,0,id
NULL,NO,YES,NULL,<blank>,schedulobj_principuri_index,BTREE,1,A,ccledu_next480,1,ccledu_next480,oc_schedulingobjects,<blank>,def,0,principaluri
NULL,NO,YES,NULL,<blank>,schedulobj_lastmodified_idx,BTREE,1,A,ccledu_next480,1,ccledu_next480,oc_schedulingobjects,<blank>,def,0,lastmodified
NULL,NO,<blank>,NULL,<blank>,PRIMARY,BTREE,0,A,ccledu_next480,1,ccledu_next480,oc_authorized_groups,<blank>,def,0,id
NULL,NO,<blank>,NULL,<blank>,admindel_groupid_idx,BTREE,1,A,ccledu_next480,1,ccledu_next480,oc_authorized_groups,<blank>,def,0,group_id
NULL,NO,<blank>,NULL,<blank>,PRIMARY,BTREE,0,A,ccledu_next480,1,ccledu_next480,oc_richdocuments_direct,<blank>,def,0,id
NULL,NO,YES,NULL,<blank>,rd_direct_token_idx,BTREE,0,A,ccledu_next480,1,ccledu_next480,oc_richdocuments_direct,<blank>,def,0,token
NULL,NO,YES,NULL,<blank>,rd_direct_timestamp_idx,BTREE,1,A,ccledu_next480,1,ccledu_next480,oc_richdocuments_direct,<blank>,def,0,timestamp
NULL,NO,<blank>,NULL,<blank>,PRIMARY,BTREE,0,A,ccledu_next480,1,ccledu_next480,oc_appconfig,<blank>,def,183,appid
NULL,NO,<blank>,NULL,<blank>,PRIMARY,BTREE,0,A,ccledu_next480,2,ccledu_next480,oc_appconfig,<blank>,def,183,configkey
NULL,NO,<blank>,NULL,<blank>,ac_lazy_i,BTREE,1,A,ccledu_next480,1,ccledu_next480,oc_appconfig,<blank>,def,4,lazy
NULL,NO,<blank>,NULL,<blank>,PRIMARY,BTREE,0,A,ccledu_next480,1,ccledu_next480,oc_ex_speech_to_text_q,<blank>,def,0,id
NULL,NO,<blank>,NULL,<blank>,IDX_C1E06C58A64FAB3C,BTREE,1,A,ccledu_next480,1,ccledu_next480,oc_ex_speech_to_text_q,<blank>,def,0,finished
NULL,NO,<blank>,NULL,<blank>,PRIMARY,BTREE,0,A,ccledu_next480,1,ccledu_next480,oc_richdocuments_assets,<blank>,def,0,id
NULL,NO,YES,NULL,<blank>,rd_assets_token_idx,BTREE,0,A,ccledu_next480,1,ccledu_next480,oc_richdocuments_assets,<blank>,def,0,token
NULL,NO,YES,NULL,<blank>,rd_assets_timestamp_idx,BTREE,0,A,ccledu_next480,1,ccledu_next480,oc_richdocuments_assets,<blank>,def,0,timestamp
NULL,NO,<blank>,NULL,<blank>,PRIMARY,BTREE,0,A,ccledu_next480,1,ccledu_next480,oc_bruteforce_attempts,<blank>,def,34,id
NULL,NO,<blank>,NULL,<blank>,bruteforce_attempts_ip,BTREE,1,A,ccledu_next480,1,ccledu_next480,oc_bruteforce_attempts,<blank>,def,34,ip
NULL,NO,<blank>,NULL,<blank>,bruteforce_attempts_subnet,BTREE,1,A,ccledu_next480,1,ccledu_next480,oc_bruteforce_attempts,<blank>,def,34,subnet
NULL,NO,<blank>,NULL,<blank>,PRIMARY,BTREE,0,A,ccledu_next480,1,ccledu_next480,oc_trusted_servers,<blank>,def,0,id
NULL,NO,<blank>,NULL,<blank>,url_hash,BTREE,0,A,ccledu_next480,1,ccledu_next480,oc_trusted_servers,<blank>,def,0,url_hash
NULL,NO,<blank>,NULL,<blank>,PRIMARY,BTREE,0,A,ccledu_next480,1,ccledu_next480,oc_circles_mount,<blank>,def,0,id
NULL,NO,<blank>,NULL,<blank>,circles_mount_cimipt,BTREE,1,A,ccledu_next480,1,ccledu_next480,oc_circles_mount,<blank>,def,0,circle_id
NULL,NO,<blank>,NULL,<blank>,circles_mount_cimipt,BTREE,1,A,ccledu_next480,2,ccledu_next480,oc_circles_mount,<blank>,def,0,mount_id
NULL,NO,YES,NULL,<blank>,circles_mount_cimipt,BTREE,1,A,ccledu_next480,3,ccledu_next480,oc_circles_mount,<blank>,def,0,parent
NULL,NO,YES,NULL,<blank>,circles_mount_cimipt,BTREE,1,A,ccledu_next480,4,ccledu_next480,oc_circles_mount,<blank>,def,0,token
NULL,NO,<blank>,NULL,<blank>,PRIMARY,BTREE,0,A,ccledu_next480,1,ccledu_next480,oc_ex_ui_styles,<blank>,def,0,id
NULL,NO,<blank>,NULL,<blank>,ui_style__idx,BTREE,0,A,ccledu_next480,1,ccledu_next480,oc_ex_ui_styles,<blank>,def,0,appid
NULL,NO,<blank>,NULL,<blank>,ui_style__idx,BTREE,0,A,ccledu_next480,2,ccledu_next480,oc_ex_ui_styles,<blank>,def,0,type
NULL,NO,<blank>,NULL,<blank>,ui_style__idx,BTREE,0,A,ccledu_next480,3,ccledu_next480,oc_ex_ui_styles,<blank>,def,0,name
NULL,NO,<blank>,NULL,<blank>,ui_style__idx,BTREE,0,A,ccledu_next480,4,ccledu_next480,oc_ex_ui_styles,<blank>,def,0,path
NULL,NO,<blank>,NULL,<blank>,PRIMARY,BTREE,0,A,ccledu_next480,1,ccledu_next480,oc_properties,<blank>,def,0,id
NULL,NO,<blank>,NULL,<blank>,properties_path_index,BTREE,1,A,ccledu_next480,1,ccledu_next480,oc_properties,<blank>,def,0,userid
NULL,NO,<blank>,NULL,<blank>,properties_path_index,BTREE,1,A,ccledu_next480,2,ccledu_next480,oc_properties,<blank>,def,0,propertypath
NULL,NO,<blank>,NULL,<blank>,properties_pathonly_index,BTREE,1,A,ccledu_next480,1,ccledu_next480,oc_properties,<blank>,def,0,propertypath
NULL,NO,<blank>,NULL,<blank>,PRIMARY,BTREE,0,A,ccledu_next480,1,ccledu_next480,oc_activity_mq,<blank>,def,0,mail_id
NULL,NO,<blank>,NULL,<blank>,amp_user,BTREE,1,A,ccledu_next480,1,ccledu_next480,oc_activity_mq,<blank>,def,0,amq_affecteduser
NULL,NO,<blank>,NULL,<blank>,amp_latest_send_time,BTREE,1,A,ccledu_next480,1,ccledu_next480,oc_activity_mq,<blank>,def,0,amq_latest_send
NULL,NO,<blank>,NULL,<blank>,amp_timestamp_time,BTREE,1,A,ccledu_next480,1,ccledu_next480,oc_activity_mq,<blank>,def,0,amq_timestamp
NULL,NO,<blank>,NULL,<blank>,PRIMARY,BTREE,0,A,ccledu_next480,1,ccledu_next480,oc_comments_read_markers,<blank>,def,0,user_id
NULL,NO,<blank>,NULL,<blank>,PRIMARY,BTREE,0,A,ccledu_next480,2,ccledu_next480,oc_comments_read_markers,<blank>,def,0,object_type
NULL,NO,<blank>,NULL,<blank>,PRIMARY,BTREE,0,A,ccledu_next480,3,ccledu_next480,oc_comments_read_markers,<blank>,def,0,object_id
NULL,NO,<blank>,NULL,<blank>,comments_marker_object_index,BTREE,1,A,ccledu_next480,1,ccledu_next480,oc_comments_read_markers,<blank>,def,0,object_type
NULL,NO,<blank>,NULL,<blank>,comments_marker_object_index,BTREE,1,A,ccledu_next480,2,ccledu_next480,oc_comments_read_markers,<blank>,def,0,object_id
NULL,NO,<blank>,NULL,<blank>,PRIMARY,BTREE,0,A,ccledu_next480,1,ccledu_next480,oc_storages,<blank>,def,2,numeric_id
NULL,NO,YES,NULL,<blank>,storages_id_index,BTREE,0,A,ccledu_next480,1,ccledu_next480,oc_storages,<blank>,def,2,id
NULL,NO,<blank>,NULL,<blank>,PRIMARY,BTREE,0,A,ccledu_next480,1,ccledu_next480,oc_textprocessing_tasks,<blank>,def,0,id
NULL,NO,YES,NULL,<blank>,tp_tasks_updated,BTREE,1,A,ccledu_next480,1,ccledu_next480,oc_textprocessing_tasks,<blank>,def,0,last_updated
NULL,NO,YES,NULL,<blank>,tp_tasks_status_type_nonunique,BTREE,1,A,ccledu_next480,1,ccledu_next480,oc_textprocessing_tasks,<blank>,def,0,status
NULL,NO,<blank>,NULL,<blank>,tp_tasks_status_type_nonunique,BTREE,1,A,ccledu_next480,2,ccledu_next480,oc_textprocessing_tasks,<blank>,def,0,type
NULL,NO,YES,NULL,<blank>,tp_tasks_uid_appid_ident,BTREE,1,A,ccledu_next480,1,ccledu_next480,oc_textprocessing_tasks,<blank>,def,0,user_id
NULL,NO,<blank>,NULL,<blank>,tp_tasks_uid_appid_ident,BTREE,1,A,ccledu_next480,2,ccledu_next480,oc_textprocessing_tasks,<blank>,def,0,app_id
NULL,NO,<blank>,NULL,<blank>,tp_tasks_uid_appid_ident,BTREE,1,A,ccledu_next480,3,ccledu_next480,oc_textprocessing_tasks,<blank>,def,0,identifier
NULL,NO,<blank>,NULL,<blank>,PRIMARY,BTREE,0,A,ccledu_next480,1,ccledu_next480,oc_accounts_data,<blank>,def,26,id
NULL,NO,<blank>,NULL,<blank>,accounts_data_uid,BTREE,1,A,ccledu_next480,1,ccledu_next480,oc_accounts_data,<blank>,def,4,uid
NULL,NO,<blank>,NULL,<blank>,accounts_data_name,BTREE,1,A,ccledu_next480,1,ccledu_next480,oc_accounts_data,<blank>,def,26,name
NULL,NO,YES,NULL,<blank>,accounts_data_value,BTREE,1,A,ccledu_next480,1,ccledu_next480,oc_accounts_data,<blank>,def,13,value
NULL,NO,<blank>,NULL,<blank>,PRIMARY,BTREE,0,A,ccledu_next480,1,ccledu_next480,oc_filecache,<blank>,def,1168,fileid
NULL,NO,<blank>,NULL,<blank>,fs_storage_path_hash,BTREE,0,A,ccledu_next480,1,ccledu_next480,oc_filecache,<blank>,def,6,storage
NULL,NO,<blank>,NULL,<blank>,fs_storage_path_hash,BTREE,0,A,ccledu_next480,2,ccledu_next480,oc_filecache,<blank>,def,1168,path_hash
NULL,NO,<blank>,NULL,<blank>,fs_parent_name_hash,BTREE,1,A,ccledu_next480,1,ccledu_next480,oc_filecache,<blank>,def,1168,parent
NULL,NO,YES,NULL,<blank>,fs_parent_name_hash,BTREE,1,A,ccledu_next480,2,ccledu_next480,oc_filecache,<blank>,def,1168,name
NULL,NO,<blank>,NULL,<blank>,fs_storage_mimetype,BTREE,1,A,ccledu_next480,1,ccledu_next480,oc_filecache,<blank>,def,6,storage
NULL,NO,<blank>,NULL,<blank>,fs_storage_mimetype,BTREE,1,A,ccledu_next480,2,ccledu_next480,oc_filecache,<blank>,def,89,mimetype
NULL,NO,<blank>,NULL,<blank>,fs_storage_mimepart,BTREE,1,A,ccledu_next480,1,ccledu_next480,oc_filecache,<blank>,def,6,storage
NULL,NO,<blank>,NULL,<blank>,fs_storage_mimepart,BTREE,1,A,ccledu_next480,2,ccledu_next480,oc_filecache,<blank>,def,28,mimepart
NULL,NO,<blank>,NULL,<blank>,fs_storage_size,BTREE,1,A,ccledu_next480,1,ccledu_next480,oc_filecache,<blank>,def,6,storage
NULL,NO,<blank>,NULL,<blank>,fs_storage_size,BTREE,1,A,ccledu_next480,2,ccledu_next480,oc_filecache,<blank>,def,1168,size
NULL,NO,<blank>,NULL,<blank>,fs_storage_size,BTREE,1,A,ccledu_next480,3,ccledu_next480,oc_filecache,<blank>,def,1168,fileid
NULL,NO,<blank>,NULL,<blank>,fs_id_storage_size,BTREE,1,A,ccledu_next480,1,ccledu_next480,oc_filecache,<blank>,def,1168,fileid
NULL,NO,<blank>,NULL,<blank>,fs_id_storage_size,BTREE,1,A,ccledu_next480,2,ccledu_next480,oc_filecache,<blank>,def,1168,storage
NULL,NO,<blank>,NULL,<blank>,fs_id_storage_size,BTREE,1,A,ccledu_next480,3,ccledu_next480,oc_filecache,<blank>,def,1168,size
NULL,NO,<blank>,NULL,<blank>,fs_parent,BTREE,1,A,ccledu_next480,1,ccledu_next480,oc_filecache,<blank>,def,1168,parent
NULL,NO,YES,NULL,<blank>,fs_name_hash,BTREE,1,A,ccledu_next480,1,ccledu_next480,oc_filecache,<blank>,def,1168,name
NULL,NO,<blank>,NULL,<blank>,fs_mtime,BTREE,1,A,ccledu_next480,1,ccledu_next480,oc_filecache,<blank>,def,584,mtime
NULL,NO,<blank>,NULL,<blank>,fs_size,BTREE,1,A,ccledu_next480,1,ccledu_next480,oc_filecache,<blank>,def,1168,size
NULL,NO,<blank>,NULL,<blank>,fs_storage_path_prefix,BTREE,1,A,ccledu_next480,1,ccledu_next480,oc_filecache,<blank>,def,6,storage
NULL,NO,YES,64,<blank>,fs_storage_path_prefix,BTREE,1,A,ccledu_next480,2,ccledu_next480,oc_filecache,<blank>,def,1168,path
NULL,NO,<blank>,NULL,<blank>,PRIMARY,BTREE,0,A,ccledu_next480,1,ccledu_next480,oc_mimetypes,<blank>,def,29,id
NULL,NO,<blank>,NULL,<blank>,mimetype_id_index,BTREE,0,A,ccledu_next480,1,ccledu_next480,oc_mimetypes,<blank>,def,29,mimetype
NULL,NO,<blank>,NULL,<blank>,PRIMARY,BTREE,0,A,ccledu_next480,1,ccledu_next480,oc_open_local_editor,<blank>,def,0,id
NULL,NO,<blank>,NULL,<blank>,openlocal_user_path_token,BTREE,0,A,ccledu_next480,1,ccledu_next480,oc_open_local_editor,<blank>,def,0,user_id
NULL,NO,<blank>,NULL,<blank>,openlocal_user_path_token,BTREE,0,A,ccledu_next480,2,ccledu_next480,oc_open_local_editor,<blank>,def,0,path_hash
NULL,NO,<blank>,NULL,<blank>,openlocal_user_path_token,BTREE,0,A,ccledu_next480,3,ccledu_next480,oc_open_local_editor,<blank>,def,0,token
NULL,NO,<blank>,NULL,<blank>,PRIMARY,BTREE,0,A,ccledu_next480,1,ccledu_next480,oc_storages_credentials,<blank>,def,1,id
NULL,NO,YES,NULL,<blank>,stocred_ui,BTREE,0,A,ccledu_next480,1,ccledu_next480,oc_storages_credentials,<blank>,def,1,user
NULL,NO,<blank>,NULL,<blank>,stocred_ui,BTREE,0,A,ccledu_next480,2,ccledu_next480,oc_storages_credentials,<blank>,def,1,identifier
NULL,NO,YES,NULL,<blank>,stocred_user,BTREE,1,A,ccledu_next480,1,ccledu_next480,oc_storages_credentials,<blank>,def,1,user
NULL,NO,<blank>,NULL,<blank>,PRIMARY,BTREE,0,A,ccledu_next480,1,ccledu_next480,oc_activity,<blank>,def,147,activity_id
NULL,NO,<blank>,NULL,<blank>,activity_user_time,BTREE,1,A,ccledu_next480,1,ccledu_next480,oc_activity,<blank>,def,6,affecteduser
NULL,NO,<blank>,NULL,<blank>,activity_user_time,BTREE,1,A,ccledu_next480,2,ccledu_next480,oc_activity,<blank>,def,147,timestamp
NULL,NO,<blank>,NULL,<blank>,activity_filter_by,BTREE,1,A,ccledu_next480,1,ccledu_next480,oc_activity,<blank>,def,6,affecteduser
NULL,NO,YES,NULL,<blank>,activity_filter_by,BTREE,1,A,ccledu_next480,2,ccledu_next480,oc_activity,<blank>,def,6,user
NULL,NO,<blank>,NULL,<blank>,activity_filter_by,BTREE,1,A,ccledu_next480,3,ccledu_next480,oc_activity,<blank>,def,147,timestamp
NULL,NO,<blank>,NULL,<blank>,activity_filter,BTREE,1,A,ccledu_next480,1,ccledu_next480,oc_activity,<blank>,def,6,affecteduser
NULL,NO,YES,NULL,<blank>,activity_filter,BTREE,1,A,ccledu_next480,2,ccledu_next480,oc_activity,<blank>,def,14,type
NULL,NO,<blank>,NULL,<blank>,activity_filter,BTREE,1,A,ccledu_next480,3,ccledu_next480,oc_activity,<blank>,def,14,app
NULL,NO,<blank>,NULL,<blank>,activity_filter,BTREE,1,A,ccledu_next480,4,ccledu_next480,oc_activity,<blank>,def,147,timestamp
NULL,NO,YES,NULL,<blank>,activity_object,BTREE,1,A,ccledu_next480,1,ccledu_next480,oc_activity,<blank>,def,6,object_type
NULL,NO,<blank>,NULL,<blank>,activity_object,BTREE,1,A,ccledu_next480,2,ccledu_next480,oc_activity,<blank>,def,147,object_id
NULL,NO,<blank>,NULL,<blank>,PRIMARY,BTREE,0,A,ccledu_next480,1,ccledu_next480,oc_onlyoffice_filekey,<blank>,def,2,id
NULL,NO,YES,NULL,<blank>,file_id_index,BTREE,0,A,ccledu_next480,1,ccledu_next480,oc_onlyoffice_filekey,<blank>,def,2,file_id
NULL,NO,<blank>,NULL,<blank>,PRIMARY,BTREE,0,A,ccledu_next480,1,ccledu_next480,oc_circles_membership,<blank>,def,2,single_id
NULL,NO,<blank>,NULL,<blank>,PRIMARY,BTREE,0,A,ccledu_next480,2,ccledu_next480,oc_circles_membership,<blank>,def,2,circle_id
NULL,NO,<blank>,NULL,<blank>,IDX_8FC816EAE7C1D92B,BTREE,1,A,ccledu_next480,1,ccledu_next480,oc_circles_membership,<blank>,def,2,single_id
NULL,NO,<blank>,NULL,<blank>,circles_membership_ifilci,BTREE,1,A,ccledu_next480,1,ccledu_next480,oc_circles_membership,<blank>,def,2,inheritance_first
NULL,NO,<blank>,NULL,<blank>,circles_membership_ifilci,BTREE,1,A,ccledu_next480,2,ccledu_next480,oc_circles_membership,<blank>,def,2,inheritance_last
NULL,NO,<blank>,NULL,<blank>,circles_membership_ifilci,BTREE,1,A,ccledu_next480,3,ccledu_next480,oc_circles_membership,<blank>,def,2,circle_id
NULL,NO,<blank>,NULL,<blank>,PRIMARY,BTREE,0,A,ccledu_next480,1,ccledu_next480,oc_files_versions,<blank>,def,125,id
NULL,NO,<blank>,NULL,<blank>,files_versions_uniq_index,BTREE,0,A,ccledu_next480,1,ccledu_next480,oc_files_versions,<blank>,def,125,file_id
NULL,NO,<blank>,NULL,<blank>,files_versions_uniq_index,BTREE,0,A,ccledu_next480,2,ccledu_next480,oc_files_versions,<blank>,def,125,timestamp
NULL,NO,<blank>,NULL,<blank>,PRIMARY,BTREE,0,A,ccledu_next480,1,ccledu_next480,oc_calendarobjects_props,<blank>,def,0,id
NULL,NO,<blank>,NULL,<blank>,calendarobject_index,BTREE,1,A,ccledu_next480,1,ccledu_next480,oc_calendarobjects_props,<blank>,def,0,objectid
NULL,NO,<blank>,NULL,<blank>,calendarobject_index,BTREE,1,A,ccledu_next480,2,ccledu_next480,oc_calendarobjects_props,<blank>,def,0,calendartype
NULL,NO,YES,NULL,<blank>,calendarobject_name_index,BTREE,1,A,ccledu_next480,1,ccledu_next480,oc_calendarobjects_props,<blank>,def,0,name
NULL,NO,<blank>,NULL,<blank>,calendarobject_name_index,BTREE,1,A,ccledu_next480,2,ccledu_next480,oc_calendarobjects_props,<blank>,def,0,calendartype
NULL,NO,YES,NULL,<blank>,calendarobject_value_index,BTREE,1,A,ccledu_next480,1,ccledu_next480,oc_calendarobjects_props,<blank>,def,0,value
NULL,NO,<blank>,NULL,<blank>,calendarobject_value_index,BTREE,1,A,ccledu_next480,2,ccledu_next480,oc_calendarobjects_props,<blank>,def,0,calendartype
NULL,NO,<blank>,NULL,<blank>,calendarobject_calid_index,BTREE,1,A,ccledu_next480,1,ccledu_next480,oc_calendarobjects_props,<blank>,def,0,calendarid
NULL,NO,<blank>,NULL,<blank>,calendarobject_calid_index,BTREE,1,A,ccledu_next480,2,ccledu_next480,oc_calendarobjects_props,<blank>,def,0,calendartype
NULL,NO,<blank>,NULL,<blank>,PRIMARY,BTREE,0,A,ccledu_next480,1,ccledu_next480,oc_authtoken,<blank>,def,8,id
NULL,NO,<blank>,NULL,<blank>,authtoken_token_index,BTREE,0,A,ccledu_next480,1,ccledu_next480,oc_authtoken,<blank>,def,8,token
NULL,NO,YES,NULL,<blank>,authtoken_last_activity_idx,BTREE,1,A,ccledu_next480,1,ccledu_next480,oc_authtoken,<blank>,def,8,last_activity
NULL,NO,<blank>,NULL,<blank>,authtoken_uid_index,BTREE,1,A,ccledu_next480,1,ccledu_next480,oc_authtoken,<blank>,def,2,uid
NULL,NO,<blank>,NULL,<blank>,PRIMARY,BTREE,0,A,ccledu_next480,1,ccledu_next480,oc_richdocuments_wopi,<blank>,def,14,id
NULL,NO,YES,NULL,<blank>,rd_wopi_token_idx,BTREE,0,A,ccledu_next480,1,ccledu_next480,oc_richdocuments_wopi,<blank>,def,14,token
NULL,NO,<blank>,NULL,<blank>,PRIMARY,BTREE,0,A,ccledu_next480,1,ccledu_next480,oc_federated_reshares,<blank>,def,0,share_id
NULL,NO,<blank>,NULL,<blank>,PRIMARY,BTREE,0,A,ccledu_next480,1,ccledu_next480,oc_preferences,<blank>,def,4,userid
NULL,NO,<blank>,NULL,<blank>,PRIMARY,BTREE,0,A,ccledu_next480,2,ccledu_next480,oc_preferences,<blank>,def,40,appid
NULL,NO,<blank>,NULL,<blank>,PRIMARY,BTREE,0,A,ccledu_next480,3,ccledu_next480,oc_preferences,<blank>,def,40,configkey
NULL,NO,<blank>,NULL,<blank>,preferences_app_key,BTREE,1,A,ccledu_next480,1,ccledu_next480,oc_preferences,<blank>,def,40,appid
NULL,NO,<blank>,NULL,<blank>,preferences_app_key,BTREE,1,A,ccledu_next480,2,ccledu_next480,oc_preferences,<blank>,def,40,configkey
NULL,NO,<blank>,NULL,<blank>,PRIMARY,BTREE,0,A,ccledu_next480,1,ccledu_next480,oc_files_metadata,<blank>,def,29,id
NULL,NO,<blank>,NULL,<blank>,files_meta_fileid,BTREE,0,A,ccledu_next480,1,ccledu_next480,oc_files_metadata,<blank>,def,29,file_id
NULL,NO,<blank>,NULL,<blank>,PRIMARY,BTREE,0,A,ccledu_next480,1,ccledu_next480,oc_oauth2_access_tokens,<blank>,def,0,id
NULL,NO,<blank>,NULL,<blank>,oauth2_access_hash_idx,BTREE,0,A,ccledu_next480,1,ccledu_next480,oc_oauth2_access_tokens,<blank>,def,0,hashed_code
NULL,NO,<blank>,NULL,<blank>,oauth2_access_client_id_idx,BTREE,1,A,ccledu_next480,1,ccledu_next480,oc_oauth2_access_tokens,<blank>,def,0,client_id
NULL,NO,<blank>,NULL,<blank>,oauth2_tk_c_created_idx,BTREE,1,A,ccledu_next480,1,ccledu_next480,oc_oauth2_access_tokens,<blank>,def,0,token_count
NULL,NO,<blank>,NULL,<blank>,oauth2_tk_c_created_idx,BTREE,1,A,ccledu_next480,2,ccledu_next480,oc_oauth2_access_tokens,<blank>,def,0,code_created_at
NULL,NO,<blank>,NULL,<blank>,PRIMARY,BTREE,0,A,ccledu_next480,1,ccledu_next480,oc_profile_config,<blank>,def,0,id
NULL,NO,<blank>,NULL,<blank>,profile_config_user_id_idx,BTREE,0,A,ccledu_next480,1,ccledu_next480,oc_profile_config,<blank>,def,0,user_id
NULL,NO,<blank>,NULL,<blank>,PRIMARY,BTREE,0,A,ccledu_next480,1,ccledu_next480,oc_file_locks,<blank>,def,335,id
NULL,NO,<blank>,NULL,<blank>,lock_key_index,BTREE,0,A,ccledu_next480,1,ccledu_next480,oc_file_locks,<blank>,def,335,key
NULL,NO,<blank>,NULL,<blank>,lock_ttl_index,BTREE,1,A,ccledu_next480,1,ccledu_next480,oc_file_locks,<blank>,def,111,ttl
NULL,NO,<blank>,NULL,<blank>,PRIMARY,BTREE,0,A,ccledu_next480,1,ccledu_next480,oc_addressbookchanges,<blank>,def,4,id
NULL,NO,<blank>,NULL,<blank>,addressbookid_synctoken,BTREE,1,A,ccledu_next480,1,ccledu_next480,oc_addressbookchanges,<blank>,def,2,addressbookid
NULL,NO,<blank>,NULL,<blank>,addressbookid_synctoken,BTREE,1,A,ccledu_next480,2,ccledu_next480,oc_addressbookchanges,<blank>,def,4,synctoken
NULL,NO,<blank>,NULL,<blank>,PRIMARY,BTREE,0,A,ccledu_next480,1,ccledu_next480,oc_text_documents,<blank>,def,6,id
NULL,NO,<blank>,NULL,<blank>,PRIMARY,BTREE,0,A,ccledu_next480,1,ccledu_next480,oc_user_transfer_owner,<blank>,def,0,id
NULL,NO,<blank>,NULL,<blank>,PRIMARY,BTREE,0,A,ccledu_next480,1,ccledu_next480,oc_ex_text_processing,<blank>,def,0,id
NULL,NO,<blank>,NULL,<blank>,text_processing__idx,BTREE,0,A,ccledu_next480,1,ccledu_next480,oc_ex_text_processing,<blank>,def,0,appid
NULL,NO,<blank>,NULL,<blank>,text_processing__idx,BTREE,0,A,ccledu_next480,2,ccledu_next480,oc_ex_text_processing,<blank>,def,0,name
NULL,NO,<blank>,NULL,<blank>,PRIMARY,BTREE,0,A,ccledu_next480,1,ccledu_next480,oc_circles_circle,<blank>,def,3,id
NULL,NO,<blank>,NULL,<blank>,UNIQ_8195F548E3C68343,BTREE,0,A,ccledu_next480,1,ccledu_next480,oc_circles_circle,<blank>,def,3,unique_id
NULL,NO,YES,NULL,<blank>,IDX_8195F548D48A2F7C,BTREE,1,A,ccledu_next480,1,ccledu_next480,oc_circles_circle,<blank>,def,3,config
NULL,NO,YES,NULL,<blank>,IDX_8195F5484230B1DE,BTREE,1,A,ccledu_next480,1,ccledu_next480,oc_circles_circle,<blank>,def,3,instance
NULL,NO,YES,NULL,<blank>,IDX_8195F5485F8A7F73,BTREE,1,A,ccledu_next480,1,ccledu_next480,oc_circles_circle,<blank>,def,3,source
NULL,NO,YES,NULL,<blank>,IDX_8195F548C317B362,BTREE,1,A,ccledu_next480,1,ccledu_next480,oc_circles_circle,<blank>,def,3,sanitized_name
NULL,NO,YES,NULL,<blank>,dname,BTREE,1,A,ccledu_next480,1,ccledu_next480,oc_circles_circle,<blank>,def,3,display_name
NULL,NO,<blank>,NULL,<blank>,PRIMARY,BTREE,0,A,ccledu_next480,1,ccledu_next480,oc_text_sessions,<blank>,def,3,id
NULL,NO,<blank>,NULL,<blank>,rd_session_token_idx,BTREE,1,A,ccledu_next480,1,ccledu_next480,oc_text_sessions,<blank>,def,3,token
NULL,NO,<blank>,NULL,<blank>,ts_lastcontact,BTREE,1,A,ccledu_next480,1,ccledu_next480,oc_text_sessions,<blank>,def,3,last_contact
NULL,NO,<blank>,NULL,<blank>,ts_docid_lastcontact,BTREE,1,A,ccledu_next480,1,ccledu_next480,oc_text_sessions,<blank>,def,3,document_id
NULL,NO,<blank>,NULL,<blank>,ts_docid_lastcontact,BTREE,1,A,ccledu_next480,2,ccledu_next480,oc_text_sessions,<blank>,def,3,last_contact
NULL,NO,<blank>,NULL,<blank>,PRIMARY,BTREE,0,A,ccledu_next480,1,ccledu_next480,oc_onlyoffice_permissions,<blank>,def,0,id
NULL,NO,<blank>,NULL,<blank>,share_id_index,BTREE,0,A,ccledu_next480,1,ccledu_next480,oc_onlyoffice_permissions,<blank>,def,0,share_id
NULL,NO,<blank>,NULL,<blank>,PRIMARY,BTREE,0,A,ccledu_next480,1,ccledu_next480,oc_circles_event,<blank>,def,0,token
NULL,NO,<blank>,NULL,<blank>,PRIMARY,BTREE,0,A,ccledu_next480,2,ccledu_next480,oc_circles_event,<blank>,def,0,instance
NULL,NO,<blank>,NULL,<blank>,PRIMARY,BTREE,0,A,ccledu_next480,1,ccledu_next480,oc_known_users,<blank>,def,0,id
NULL,NO,<blank>,NULL,<blank>,ku_known_to,BTREE,1,A,ccledu_next480,1,ccledu_next480,oc_known_users,<blank>,def,0,known_to
NULL,NO,<blank>,NULL,<blank>,ku_known_user,BTREE,1,A,ccledu_next480,1,ccledu_next480,oc_known_users,<blank>,def,0,known_user
NULL,NO,<blank>,NULL,<blank>,PRIMARY,BTREE,0,A,ccledu_next480,1,ccledu_next480,oc_login_flow_v2,<blank>,def,0,id
NULL,NO,<blank>,NULL,<blank>,poll_token,BTREE,0,A,ccledu_next480,1,ccledu_next480,oc_login_flow_v2,<blank>,def,0,poll_token
NULL,NO,<blank>,NULL,<blank>,login_token,BTREE,0,A,ccledu_next480,1,ccledu_next480,oc_login_flow_v2,<blank>,def,0,login_token
NULL,NO,<blank>,NULL,<blank>,timestamp,BTREE,1,A,ccledu_next480,1,ccledu_next480,oc_login_flow_v2,<blank>,def,0,timestamp
NULL,NO,<blank>,NULL,<blank>,PRIMARY,BTREE,0,A,ccledu_next480,1,ccledu_next480,oc_appconfig_ex,<blank>,def,0,id
NULL,NO,<blank>,NULL,<blank>,appconfig_ex__idx,BTREE,0,A,ccledu_next480,1,ccledu_next480,oc_appconfig_ex,<blank>,def,0,appid
NULL,NO,<blank>,NULL,<blank>,appconfig_ex__idx,BTREE,0,A,ccledu_next480,2,ccledu_next480,oc_appconfig_ex,<blank>,def,0,configkey
NULL,NO,<blank>,NULL,<blank>,appconfig_ex__configkey,BTREE,1,A,ccledu_next480,1,ccledu_next480,oc_appconfig_ex,<blank>,def,0,configkey
NULL,NO,<blank>,NULL,<blank>,PRIMARY,BTREE,0,A,ccledu_next480,1,ccledu_next480,oc_ex_translation_q,<blank>,def,0,id
NULL,NO,<blank>,NULL,<blank>,IDX_38CE0470A64FAB3C,BTREE,1,A,ccledu_next480,1,ccledu_next480,oc_ex_translation_q,<blank>,def,0,finished
NULL,NO,<blank>,NULL,<blank>,PRIMARY,BTREE,0,A,ccledu_next480,1,ccledu_next480,oc_systemtag,<blank>,def,0,id
NULL,NO,<blank>,NULL,<blank>,tag_ident,BTREE,0,A,ccledu_next480,1,ccledu_next480,oc_systemtag,<blank>,def,0,name
NULL,NO,<blank>,NULL,<blank>,tag_ident,BTREE,0,A,ccledu_next480,2,ccledu_next480,oc_systemtag,<blank>,def,0,visibility
NULL,NO,<blank>,NULL,<blank>,tag_ident,BTREE,0,A,ccledu_next480,3,ccledu_next480,oc_systemtag,<blank>,def,0,editable
NULL,NO,<blank>,NULL,<blank>,PRIMARY,BTREE,0,A,ccledu_next480,1,ccledu_next480,oc_oauth2_clients,<blank>,def,0,id
NULL,NO,<blank>,NULL,<blank>,oauth2_client_id_idx,BTREE,0,A,ccledu_next480,1,ccledu_next480,oc_oauth2_clients,<blank>,def,0,client_identifier
NULL,NO,<blank>,NULL,<blank>,PRIMARY,BTREE,0,A,ccledu_next480,1,ccledu_next480,oc_calendar_resources_md,<blank>,def,0,id
NULL,NO,<blank>,NULL,<blank>,calendar_resources_md_idk,BTREE,1,A,ccledu_next480,1,ccledu_next480,oc_calendar_resources_md,<blank>,def,0,resource_id
NULL,NO,<blank>,NULL,<blank>,calendar_resources_md_idk,BTREE,1,A,ccledu_next480,2,ccledu_next480,oc_calendar_resources_md,<blank>,def,0,key
NULL,NO,<blank>,NULL,<blank>,PRIMARY,BTREE,0,A,ccledu_next480,1,ccledu_next480,oc_flow_checks,<blank>,def,0,id
NULL,NO,<blank>,NULL,<blank>,flow_unique_hash,BTREE,0,A,ccledu_next480,1,ccledu_next480,oc_flow_checks,<blank>,def,0,hash
NULL,NO,<blank>,NULL,<blank>,PRIMARY,BTREE,0,A,ccledu_next480,1,ccledu_next480,oc_collres_accesscache,<blank>,def,0,user_id
NULL,NO,<blank>,NULL,<blank>,PRIMARY,BTREE,0,A,ccledu_next480,2,ccledu_next480,oc_collres_accesscache,<blank>,def,0,collection_id
NULL,NO,<blank>,NULL,<blank>,PRIMARY,BTREE,0,A,ccledu_next480,3,ccledu_next480,oc_collres_accesscache,<blank>,def,0,resource_type
NULL,NO,<blank>,NULL,<blank>,PRIMARY,BTREE,0,A,ccledu_next480,4,ccledu_next480,oc_collres_accesscache,<blank>,def,0,resource_id
NULL,NO,<blank>,NULL,<blank>,collres_user_res,BTREE,1,A,ccledu_next480,1,ccledu_next480,oc_collres_accesscache,<blank>,def,0,user_id
NULL,NO,<blank>,NULL,<blank>,collres_user_res,BTREE,1,A,ccledu_next480,2,ccledu_next480,oc_collres_accesscache,<blank>,def,0,resource_type
NULL,NO,<blank>,NULL,<blank>,collres_user_res,BTREE,1,A,ccledu_next480,3,ccledu_next480,oc_collres_accesscache,<blank>,def,0,resource_id
NULL,NO,<blank>,NULL,<blank>,PRIMARY,BTREE,0,A,ccledu_next480,1,ccledu_next480,oc_collres_resources,<blank>,def,0,collection_id
NULL,NO,<blank>,NULL,<blank>,PRIMARY,BTREE,0,A,ccledu_next480,2,ccledu_next480,oc_collres_resources,<blank>,def,0,resource_type
NULL,NO,<blank>,NULL,<blank>,PRIMARY,BTREE,0,A,ccledu_next480,3,ccledu_next480,oc_collres_resources,<blank>,def,0,resource_id
NULL,NO,<blank>,NULL,<blank>,PRIMARY,BTREE,0,A,ccledu_next480,1,ccledu_next480,oc_twofactor_backupcodes,<blank>,def,0,id
NULL,NO,<blank>,NULL,<blank>,twofactor_backupcodes_uid,BTREE,1,A,ccledu_next480,1,ccledu_next480,oc_twofactor_backupcodes,<blank>,def,0,user_id
NULL,NO,<blank>,NULL,<blank>,PRIMARY,BTREE,0,A,ccledu_next480,1,ccledu_next480,oc_onlyoffice_instance,<blank>,def,0,id
NULL,NO,<blank>,NULL,<blank>,onlyoffice_remote_index,BTREE,0,A,ccledu_next480,1,ccledu_next480,oc_onlyoffice_instance,<blank>,def,0,remote
NULL,NO,<blank>,NULL,<blank>,PRIMARY,BTREE,0,A,ccledu_next480,1,ccledu_next480,oc_vcategory,<blank>,def,0,id
NULL,NO,<blank>,NULL,<blank>,uid_index,BTREE,1,A,ccledu_next480,1,ccledu_next480,oc_vcategory,<blank>,def,0,uid
NULL,NO,<blank>,NULL,<blank>,type_index,BTREE,1,A,ccledu_next480,1,ccledu_next480,oc_vcategory,<blank>,def,0,type
NULL,NO,<blank>,NULL,<blank>,category_index,BTREE,1,A,ccledu_next480,1,ccledu_next480,oc_vcategory,<blank>,def,0,category
NULL,NO,<blank>,NULL,<blank>,PRIMARY,BTREE,0,A,ccledu_next480,1,ccledu_next480,oc_share,<blank>,def,0,id
NULL,NO,<blank>,NULL,<blank>,item_share_type_index,BTREE,1,A,ccledu_next480,1,ccledu_next480,oc_share,<blank>,def,0,item_type
NULL,NO,<blank>,NULL,<blank>,item_share_type_index,BTREE,1,A,ccledu_next480,2,ccledu_next480,oc_share,<blank>,def,0,share_type
NULL,NO,YES,NULL,<blank>,file_source_index,BTREE,1,A,ccledu_next480,1,ccledu_next480,oc_share,<blank>,def,0,file_source
NULL,NO,YES,NULL,<blank>,token_index,BTREE,1,A,ccledu_next480,1,ccledu_next480,oc_share,<blank>,def,0,token
NULL,NO,YES,NULL,<blank>,share_with_index,BTREE,1,A,ccledu_next480,1,ccledu_next480,oc_share,<blank>,def,0,share_with
NULL,NO,YES,NULL,<blank>,parent_index,BTREE,1,A,ccledu_next480,1,ccledu_next480,oc_share,<blank>,def,0,parent
NULL,NO,<blank>,NULL,<blank>,owner_index,BTREE,1,A,ccledu_next480,1,ccledu_next480,oc_share,<blank>,def,0,uid_owner
NULL,NO,YES,NULL,<blank>,initiator_index,BTREE,1,A,ccledu_next480,1,ccledu_next480,oc_share,<blank>,def,0,uid_initiator
NULL,NO,<blank>,NULL,<blank>,PRIMARY,BTREE,0,A,ccledu_next480,1,ccledu_next480,oc_ex_apps_routes,<blank>,def,0,id
NULL,NO,<blank>,NULL,<blank>,ex_apps_routes_appid,BTREE,1,A,ccledu_next480,1,ccledu_next480,oc_ex_apps_routes,<blank>,def,0,appid
NULL,NO,<blank>,NULL,<blank>,PRIMARY,BTREE,0,A,ccledu_next480,1,ccledu_next480,oc_richdocuments_template,<blank>,def,1,id
NULL,NO,YES,NULL,<blank>,rd_t_user_file,BTREE,0,A,ccledu_next480,1,ccledu_next480,oc_richdocuments_template,<blank>,def,1,userid
NULL,NO,<blank>,NULL,<blank>,rd_t_user_file,BTREE,0,A,ccledu_next480,2,ccledu_next480,oc_richdocuments_template,<blank>,def,1,fileid
NULL,NO,<blank>,NULL,<blank>,PRIMARY,BTREE,0,A,ccledu_next480,1,ccledu_next480,oc_files_reminders,<blank>,def,0,id
NULL,NO,<blank>,NULL,<blank>,reminders_uniq_idx,BTREE,0,A,ccledu_next480,1,ccledu_next480,oc_files_reminders,<blank>,def,0,user_id
NULL,NO,<blank>,NULL,<blank>,reminders_uniq_idx,BTREE,0,A,ccledu_next480,2,ccledu_next480,oc_files_reminders,<blank>,def,0,file_id
NULL,NO,<blank>,NULL,<blank>,reminders_uniq_idx,BTREE,0,A,ccledu_next480,3,ccledu_next480,oc_files_reminders,<blank>,def,0,due_date
NULL,NO,<blank>,NULL,<blank>,PRIMARY,BTREE,0,A,ccledu_next480,1,ccledu_next480,oc_text2image_tasks,<blank>,def,0,id
NULL,NO,YES,NULL,<blank>,t2i_tasks_updated,BTREE,1,A,ccledu_next480,1,ccledu_next480,oc_text2image_tasks,<blank>,def,0,last_updated
NULL,NO,YES,NULL,<blank>,t2i_tasks_status,BTREE,1,A,ccledu_next480,1,ccledu_next480,oc_text2image_tasks,<blank>,def,0,status
NULL,NO,YES,NULL,<blank>,t2i_tasks_uid_appid_ident,BTREE,1,A,ccledu_next480,1,ccledu_next480,oc_text2image_tasks,<blank>,def,0,user_id
NULL,NO,<blank>,NULL,<blank>,t2i_tasks_uid_appid_ident,BTREE,1,A,ccledu_next480,2,ccledu_next480,oc_text2image_tasks,<blank>,def,0,app_id
NULL,NO,YES,NULL,<blank>,t2i_tasks_uid_appid_ident,BTREE,1,A,ccledu_next480,3,ccledu_next480,oc_text2image_tasks,<blank>,def,0,identifier
NULL,NO,<blank>,NULL,<blank>,PRIMARY,BTREE,0,A,ccledu_next480,1,ccledu_next480,oc_flow_operations_scope,<blank>,def,0,id
NULL,NO,<blank>,NULL,<blank>,flow_unique_scope,BTREE,0,A,ccledu_next480,1,ccledu_next480,oc_flow_operations_scope,<blank>,def,0,operation_id
NULL,NO,<blank>,NULL,<blank>,flow_unique_scope,BTREE,0,A,ccledu_next480,2,ccledu_next480,oc_flow_operations_scope,<blank>,def,0,type
NULL,NO,YES,NULL,<blank>,flow_unique_scope,BTREE,0,A,ccledu_next480,3,ccledu_next480,oc_flow_operations_scope,<blank>,def,0,value
NULL,NO,<blank>,NULL,<blank>,PRIMARY,BTREE,0,A,ccledu_next480,1,ccledu_next480,oc_preferences_ex,<blank>,def,0,id
NULL,NO,<blank>,NULL,<blank>,preferences_ex__idx,BTREE,0,A,ccledu_next480,1,ccledu_next480,oc_preferences_ex,<blank>,def,0,userid
NULL,NO,<blank>,NULL,<blank>,preferences_ex__idx,BTREE,0,A,ccledu_next480,2,ccledu_next480,oc_preferences_ex,<blank>,def,0,appid
NULL,NO,<blank>,NULL,<blank>,preferences_ex__idx,BTREE,0,A,ccledu_next480,3,ccledu_next480,oc_preferences_ex,<blank>,def,0,configkey
NULL,NO,<blank>,NULL,<blank>,preferences_ex__configkey,BTREE,1,A,ccledu_next480,1,ccledu_next480,oc_preferences_ex,<blank>,def,0,configkey
NULL,NO,<blank>,NULL,<blank>,PRIMARY,BTREE,0,A,ccledu_next480,1,ccledu_next480,oc_dav_cal_proxy,<blank>,def,0,id
NULL,NO,<blank>,NULL,<blank>,dav_cal_proxy_uidx,BTREE,0,A,ccledu_next480,1,ccledu_next480,oc_dav_cal_proxy,<blank>,def,0,owner_id
NULL,NO,<blank>,NULL,<blank>,dav_cal_proxy_uidx,BTREE,0,A,ccledu_next480,2,ccledu_next480,oc_dav_cal_proxy,<blank>,def,0,proxy_id
NULL,NO,YES,NULL,<blank>,dav_cal_proxy_uidx,BTREE,0,A,ccledu_next480,3,ccledu_next480,oc_dav_cal_proxy,<blank>,def,0,permissions
NULL,NO,<blank>,NULL,<blank>,dav_cal_proxy_ipid,BTREE,1,A,ccledu_next480,1,ccledu_next480,oc_dav_cal_proxy,<blank>,def,0,proxy_id
NULL,NO,<blank>,NULL,<blank>,PRIMARY,BTREE,0,A,ccledu_next480,1,ccledu_next480,oc_calendar_reminders,<blank>,def,0,id
NULL,NO,<blank>,NULL,<blank>,calendar_reminder_objid,BTREE,1,A,ccledu_next480,1,ccledu_next480,oc_calendar_reminders,<blank>,def,0,object_id
NULL,NO,<blank>,NULL,<blank>,calendar_reminder_uidrec,BTREE,1,A,ccledu_next480,1,ccledu_next480,oc_calendar_reminders,<blank>,def,0,uid
NULL,NO,YES,NULL,<blank>,calendar_reminder_uidrec,BTREE,1,A,ccledu_next480,2,ccledu_next480,oc_calendar_reminders,<blank>,def,0,recurrence_id
NULL,NO,<blank>,NULL,<blank>,PRIMARY,BTREE,0,A,ccledu_next480,1,ccledu_next480,oc_circles_token,<blank>,def,0,id
NULL,NO,YES,NULL,<blank>,sicisimit,BTREE,0,A,ccledu_next480,1,ccledu_next480,oc_circles_token,<blank>,def,0,share_id
NULL,NO,YES,NULL,<blank>,sicisimit,BTREE,0,A,ccledu_next480,2,ccledu_next480,oc_circles_token,<blank>,def,0,circle_id
NULL,NO,YES,NULL,<blank>,sicisimit,BTREE,0,A,ccledu_next480,3,ccledu_next480,oc_circles_token,<blank>,def,0,single_id
NULL,NO,YES,NULL,<blank>,sicisimit,BTREE,0,A,ccledu_next480,4,ccledu_next480,oc_circles_token,<blank>,def,0,member_id
NULL,NO,YES,NULL,<blank>,sicisimit,BTREE,0,A,ccledu_next480,5,ccledu_next480,oc_circles_token,<blank>,def,0,token
NULL,NO,<blank>,NULL,<blank>,PRIMARY,BTREE,0,A,ccledu_next480,1,ccledu_next480,oc_user_status,<blank>,def,2,id
NULL,NO,<blank>,NULL,<blank>,user_status_uid_ix,BTREE,0,A,ccledu_next480,1,ccledu_next480,oc_user_status,<blank>,def,2,user_id
NULL,NO,YES,NULL,<blank>,user_status_clr_ix,BTREE,1,A,ccledu_next480,1,ccledu_next480,oc_user_status,<blank>,def,2,clear_at
NULL,NO,<blank>,NULL,<blank>,user_status_tstmp_ix,BTREE,1,A,ccledu_next480,1,ccledu_next480,oc_user_status,<blank>,def,2,status_timestamp
NULL,NO,YES,NULL,<blank>,user_status_iud_ix,BTREE,1,A,ccledu_next480,1,ccledu_next480,oc_user_status,<blank>,def,2,is_user_defined
NULL,NO,<blank>,NULL,<blank>,user_status_iud_ix,BTREE,1,A,ccledu_next480,2,ccledu_next480,oc_user_status,<blank>,def,2,status
NULL,NO,<blank>,NULL,<blank>,user_status_mtstmp_ix,BTREE,1,A,ccledu_next480,1,ccledu_next480,oc_user_status,<blank>,def,2,status_message_timestamp
NULL,NO,<blank>,NULL,<blank>,PRIMARY,BTREE,0,A,ccledu_next480,1,ccledu_next480,oc_groups,<blank>,def,0,gid
NULL,NO,<blank>,NULL,<blank>,PRIMARY,BTREE,0,A,ccledu_next480,1,ccledu_next480,oc_calendar_appt_configs,<blank>,def,0,id
NULL,NO,<blank>,NULL,<blank>,cal_appt_token_uniq_idx,BTREE,0,A,ccledu_next480,1,ccledu_next480,oc_calendar_appt_configs,<blank>,def,0,token
NULL,NO,<blank>,NULL,<blank>,PRIMARY,BTREE,0,A,ccledu_next480,1,ccledu_next480,oc_calendar_rooms_md,<blank>,def,0,id
NULL,NO,<blank>,NULL,<blank>,calendar_rooms_md_idk,BTREE,1,A,ccledu_next480,1,ccledu_next480,oc_calendar_rooms_md,<blank>,def,0,room_id
NULL,NO,<blank>,NULL,<blank>,calendar_rooms_md_idk,BTREE,1,A,ccledu_next480,2,ccledu_next480,oc_calendar_rooms_md,<blank>,def,0,key
NULL,NO,<blank>,NULL,<blank>,PRIMARY,BTREE,0,A,ccledu_next480,1,ccledu_next480,oc_files_metadata_index,<blank>,def,29,id
NULL,NO,<blank>,NULL,<blank>,f_meta_index,BTREE,1,A,ccledu_next480,1,ccledu_next480,oc_files_metadata_index,<blank>,def,29,file_id
NULL,NO,YES,NULL,<blank>,f_meta_index,BTREE,1,A,ccledu_next480,2,ccledu_next480,oc_files_metadata_index,<blank>,def,29,meta_key
NULL,NO,YES,NULL,<blank>,f_meta_index,BTREE,1,A,ccledu_next480,3,ccledu_next480,oc_files_metadata_index,<blank>,def,29,meta_value_string
NULL,NO,<blank>,NULL,<blank>,f_meta_index_i,BTREE,1,A,ccledu_next480,1,ccledu_next480,oc_files_metadata_index,<blank>,def,29,file_id
NULL,NO,YES,NULL,<blank>,f_meta_index_i,BTREE,1,A,ccledu_next480,2,ccledu_next480,oc_files_metadata_index,<blank>,def,29,meta_key
NULL,NO,YES,NULL,<blank>,f_meta_index_i,BTREE,1,A,ccledu_next480,3,ccledu_next480,oc_files_metadata_index,<blank>,def,29,meta_value_int
NULL,NO,<blank>,NULL,<blank>,PRIMARY,BTREE,0,A,ccledu_next480,1,ccledu_next480,oc_ex_translation,<blank>,def,0,id
NULL,NO,<blank>,NULL,<blank>,ex_translation__idx,BTREE,0,A,ccledu_next480,1,ccledu_next480,oc_ex_translation,<blank>,def,0,appid
NULL,NO,<blank>,NULL,<blank>,ex_translation__idx,BTREE,0,A,ccledu_next480,2,ccledu_next480,oc_ex_translation,<blank>,def,0,name
NULL,NO,<blank>,NULL,<blank>,PRIMARY,BTREE,0,A,ccledu_next480,1,ccledu_next480,oc_privacy_admins,<blank>,def,0,id
NULL,NO,<blank>,NULL,<blank>,PRIMARY,BTREE,0,A,ccledu_next480,1,ccledu_next480,oc_reactions,<blank>,def,0,id
NULL,NO,<blank>,NULL,<blank>,comment_reaction_unique,BTREE,0,A,ccledu_next480,1,ccledu_next480,oc_reactions,<blank>,def,0,parent_id
NULL,NO,<blank>,NULL,<blank>,comment_reaction_unique,BTREE,0,A,ccledu_next480,2,ccledu_next480,oc_reactions,<blank>,def,0,actor_type
NULL,NO,<blank>,NULL,<blank>,comment_reaction_unique,BTREE,0,A,ccledu_next480,3,ccledu_next480,oc_reactions,<blank>,def,0,actor_id
NULL,NO,<blank>,NULL,<blank>,comment_reaction_unique,BTREE,0,A,ccledu_next480,4,ccledu_next480,oc_reactions,<blank>,def,0,reaction
NULL,NO,<blank>,NULL,<blank>,comment_reaction,BTREE,1,A,ccledu_next480,1,ccledu_next480,oc_reactions,<blank>,def,0,reaction
NULL,NO,<blank>,NULL,<blank>,comment_reaction_parent_id,BTREE,1,A,ccledu_next480,1,ccledu_next480,oc_reactions,<blank>,def,0,parent_id
NULL,NO,<blank>,NULL,<blank>,PRIMARY,BTREE,0,A,ccledu_lumahsi,1,ccledu_lumahsi,contact,<blank>,def,1,id
NULL,NO,<blank>,NULL,<blank>,PRIMARY,BTREE,0,A,ccledu_lumahsi,1,ccledu_lumahsi,about,<blank>,def,6,id
NULL,NO,<blank>,NULL,<blank>,PRIMARY,BTREE,0,A,ccledu_lumahsi,1,ccledu_lumahsi,faculty,<blank>,def,1,id
NULL,NO,<blank>,NULL,<blank>,PRIMARY,BTREE,0,A,ccledu_lumahsi,1,ccledu_lumahsi,corevalues,<blank>,def,3,id
NULL,NO,<blank>,NULL,<blank>,PRIMARY,BTREE,0,A,ccledu_lumahsi,1,ccledu_lumahsi,administration,<blank>,def,0,id
NULL,NO,<blank>,NULL,<blank>,PRIMARY,BTREE,0,A,ccledu_lumahsi,1,ccledu_lumahsi,news_,<blank>,def,1,id
NULL,NO,<blank>,NULL,<blank>,PRIMARY,BTREE,0,A,ccledu_lumahsi,1,ccledu_lumahsi,gallery,<blank>,def,4,id
NULL,NO,<blank>,NULL,<blank>,PRIMARY,BTREE,0,A,ccledu_lumahsi,1,ccledu_lumahsi,login,<blank>,def,1,id
NULL,NO,<blank>,NULL,<blank>,username,BTREE,0,A,ccledu_lumahsi,1,ccledu_lumahsi,login,<blank>,def,1,username
NULL,NO,<blank>,NULL,<blank>,PRIMARY,BTREE,0,A,ccledu_lumahsi,1,ccledu_lumahsi,visits,<blank>,def,1,vid
NULL,NO,<blank>,NULL,<blank>,PRIMARY,BTREE,0,A,ccledu_lumahsi,1,ccledu_lumahsi,diploma_courses,<blank>,def,10,id
NULL,NO,<blank>,NULL,<blank>,PRIMARY,BTREE,0,A,ccledu_lumahsi,1,ccledu_lumahsi,slider,<blank>,def,3,id
NULL,NO,<blank>,NULL,<blank>,PRIMARY,BTREE,0,A,ccledu_lumahsi,1,ccledu_lumahsi,admissionform,<blank>,def,1,id
NULL,NO,<blank>,NULL,<blank>,PRIMARY,BTREE,0,A,ccledu_lumahsi,1,ccledu_lumahsi,undergraduate_courses,<blank>,def,3,id
NULL,NO,<blank>,NULL,<blank>,PRIMARY,BTREE,0,A,ccledu_lumahsi,1,ccledu_lumahsi,notifications_,<blank>,def,3,id
NULL,NO,<blank>,NULL,<blank>,PRIMARY,BTREE,0,A,ccledu_lumahsi,1,ccledu_lumahsi,youtubegallery,<blank>,def,4,id
NULL,NO,<blank>,NULL,<blank>,PRIMARY,BTREE,0,A,ccledu_lumahsi,1,ccledu_lumahsi,affiliation,<blank>,def,4,id
NULL,NO,<blank>,NULL,<blank>,PRIMARY,BTREE,0,A,ccledu_lumahsi,1,ccledu_lumahsi,facilities,<blank>,def,13,id
NULL,NO,<blank>,NULL,<blank>,PRIMARY,BTREE,0,A,ccledu_lumahsi,1,ccledu_lumahsi,messages,<blank>,def,2,id
NULL,NO,<blank>,NULL,<blank>,PRIMARY,BTREE,0,A,ccledu_lumahsi,1,ccledu_lumahsi,downloads,<blank>,def,3,id
NULL,NO,<blank>,NULL,<blank>,PRIMARY,BTREE,0,A,ccledu_lumahsi,1,ccledu_lumahsi,scholarships,<blank>,def,2,id
NULL,NO,<blank>,NULL,<blank>,PRIMARY,BTREE,0,A,ccledu_lumahsi,1,ccledu_lumahsi,videos,<blank>,def,4,id
NULL,NO,<blank>,NULL,<blank>,PRIMARY,BTREE,0,A,ccledu_ccl_new_db,1,ccledu_ccl_new_db,bog,<blank>,def,0,id
NULL,NO,<blank>,NULL,<blank>,PRIMARY,BTREE,0,A,ccledu_ccl_new_db,1,ccledu_ccl_new_db,about,<blank>,def,9,id
NULL,NO,<blank>,NULL,<blank>,PRIMARY,BTREE,0,A,ccledu_ccl_new_db,1,ccledu_ccl_new_db,faculty,<blank>,def,83,id
NULL,NO,<blank>,NULL,<blank>,PRIMARY,BTREE,0,A,ccledu_ccl_new_db,1,ccledu_ccl_new_db,jobs,<blank>,def,3,id
NULL,NO,<blank>,NULL,<blank>,PRIMARY,BTREE,0,A,ccledu_ccl_new_db,1,ccledu_ccl_new_db,result,<blank>,def,0,id_
NULL,NO,<blank>,NULL,<blank>,PRIMARY,BTREE,0,A,ccledu_ccl_new_db,1,ccledu_ccl_new_db,houses,<blank>,def,12,id
NULL,NO,<blank>,NULL,<blank>,PRIMARY,BTREE,0,A,ccledu_ccl_new_db,1,ccledu_ccl_new_db,gallery,<blank>,def,3083,id
NULL,NO,<blank>,NULL,<blank>,PRIMARY,BTREE,0,A,ccledu_ccl_new_db,1,ccledu_ccl_new_db,admission,<blank>,def,5,id
NULL,NO,<blank>,NULL,<blank>,PRIMARY,BTREE,0,A,ccledu_ccl_new_db,1,ccledu_ccl_new_db,ex,<blank>,def,17,id
NULL,NO,<blank>,NULL,<blank>,PRIMARY,BTREE,0,A,ccledu_ccl_new_db,1,ccledu_ccl_new_db,tenders,<blank>,def,2,id
NULL,NO,<blank>,NULL,<blank>,PRIMARY,BTREE,0,A,ccledu_ccl_new_db,1,ccledu_ccl_new_db,login,<blank>,def,2,id
NULL,NO,<blank>,NULL,<blank>,username,BTREE,0,A,ccledu_ccl_new_db,1,ccledu_ccl_new_db,login,<blank>,def,2,username
NULL,NO,<blank>,NULL,<blank>,PRIMARY,BTREE,0,A,ccledu_ccl_new_db,1,ccledu_ccl_new_db,teachers,<blank>,def,59,id
NULL,NO,<blank>,NULL,<blank>,username,BTREE,0,A,ccledu_ccl_new_db,1,ccledu_ccl_new_db,teachers,<blank>,def,59,username
NULL,NO,<blank>,NULL,<blank>,PRIMARY,BTREE,0,A,ccledu_ccl_new_db,1,ccledu_ccl_new_db,pride,<blank>,def,83,id
NULL,NO,<blank>,NULL,<blank>,PRIMARY,BTREE,0,A,ccledu_ccl_new_db,1,ccledu_ccl_new_db,faqs,<blank>,def,18,id
NULL,NO,<blank>,NULL,<blank>,PRIMARY,BTREE,0,A,ccledu_ccl_new_db,1,ccledu_ccl_new_db,slider,<blank>,def,26,id
NULL,NO,<blank>,NULL,<blank>,PRIMARY,BTREE,0,A,ccledu_ccl_new_db,1,ccledu_ccl_new_db,issbcorner,<blank>,def,26,id
NULL,NO,<blank>,NULL,<blank>,PRIMARY,BTREE,0,A,ccledu_ccl_new_db,1,ccledu_ccl_new_db,finalresult,<blank>,def,674,id
NULL,NO,<blank>,NULL,<blank>,PRIMARY,BTREE,0,A,ccledu_ccl_new_db,1,ccledu_ccl_new_db,news,<blank>,def,3,id
NULL,NO,<blank>,NULL,<blank>,PRIMARY,BTREE,0,A,ccledu_ccl_new_db,1,ccledu_ccl_new_db,facilities,<blank>,def,37,id
NULL,NO,<blank>,NULL,<blank>,PRIMARY,BTREE,0,A,ccledu_ccl_new_db,1,ccledu_ccl_new_db,messages,<blank>,def,2,id
NULL,NO,<blank>,NULL,<blank>,PRIMARY,BTREE,0,A,ccledu_ccl_new_db,1,ccledu_ccl_new_db,login_info,<blank>,def,3,id
NULL,NO,<blank>,NULL,<blank>,PRIMARY,BTREE,0,A,ccledu_ccl_new_db,1,ccledu_ccl_new_db,larkanians,<blank>,def,55,id
NULL,NO,<blank>,NULL,<blank>,PRIMARY,BTREE,0,A,ccledu_ccl_new_db,1,ccledu_ccl_new_db,appointments,<blank>,def,6,id
NULL,NO,<blank>,NULL,<blank>,PRIMARY,BTREE,0,A,ccledu_ccl_new_db,1,ccledu_ccl_new_db,lectures,<blank>,def,0,id
NULL,NO,<blank>,NULL,<blank>,PRIMARY,BTREE,0,A,ccledu_ccl_new_db,1,ccledu_ccl_new_db,uploads,<blank>,def,0,id
NULL,NO,<blank>,NULL,<blank>,filename,BTREE,0,A,ccledu_ccl_new_db,1,ccledu_ccl_new_db,uploads,<blank>,def,0,filename
NULL,NO,<blank>,NULL,<blank>,PRIMARY,BTREE,0,A,ccledu_ccl_new_db,1,ccledu_ccl_new_db,shuhadas,<blank>,def,2,id
NULL,NO,<blank>,NULL,<blank>,PRIMARY,BTREE,0,A,ccledu_ccl_new_db,1,ccledu_ccl_new_db,written1,<blank>,def,0,id
NULL,NO,<blank>,NULL,<blank>,PRIMARY,BTREE,0,A,ccledu_ccl_new_db,1,ccledu_ccl_new_db,videos,<blank>,def,2,id
NULL,NO,<blank>,NULL,<blank>,PRIMARY,BTREE,0,A,ccledu_wp186,1,ccledu_wp186,wp3w_wpxlsdata,<blank>,def,0,id_wpxlsdata
NULL,NO,<blank>,NULL,<blank>,ip,BTREE,0,A,ccledu_wp186,1,ccledu_wp186,wp3w_loginizer_logs,<blank>,def,0,ip
NULL,NO,<blank>,NULL,<blank>,PRIMARY,BTREE,0,A,ccledu_wp186,1,ccledu_wp186,wp3w_pmxi_imports,<blank>,def,0,id
NULL,NO,<blank>,NULL,<blank>,PRIMARY,BTREE,0,A,ccledu_wp186,1,ccledu_wp186,wp3w_pmxi_posts,<blank>,def,0,id
NULL,NO,<blank>,NULL,<blank>,PRIMARY,BTREE,0,A,ccledu_wp186,1,ccledu_wp186,wp3w_termmeta,<blank>,def,0,meta_id
NULL,NO,<blank>,NULL,<blank>,term_id,BTREE,1,A,ccledu_wp186,1,ccledu_wp186,wp3w_termmeta,<blank>,def,NULL,term_id
NULL,NO,YES,191,<blank>,meta_key,BTREE,1,A,ccledu_wp186,1,ccledu_wp186,wp3w_termmeta,<blank>,def,NULL,meta_key
NULL,NO,<blank>,NULL,<blank>,PRIMARY,BTREE,0,A,ccledu_wp186,1,ccledu_wp186,wp3w_comments,<blank>,def,1,comment_ID
NULL,NO,<blank>,NULL,<blank>,comment_post_ID,BTREE,1,A,ccledu_wp186,1,ccledu_wp186,wp3w_comments,<blank>,def,NULL,comment_post_ID
NULL,NO,<blank>,NULL,<blank>,comment_approved_date_gmt,BTREE,1,A,ccledu_wp186,1,ccledu_wp186,wp3w_comments,<blank>,def,NULL,comment_approved
NULL,NO,<blank>,NULL,<blank>,comment_approved_date_gmt,BTREE,1,A,ccledu_wp186,2,ccledu_wp186,wp3w_comments,<blank>,def,NULL,comment_date_gmt
NULL,NO,<blank>,NULL,<blank>,comment_date_gmt,BTREE,1,A,ccledu_wp186,1,ccledu_wp186,wp3w_comments,<blank>,def,NULL,comment_date_gmt
NULL,NO,<blank>,NULL,<blank>,comment_parent,BTREE,1,A,ccledu_wp186,1,ccledu_wp186,wp3w_comments,<blank>,def,NULL,comment_parent
NULL,NO,<blank>,10,<blank>,comment_author_email,BTREE,1,A,ccledu_wp186,1,ccledu_wp186,wp3w_comments,<blank>,def,NULL,comment_author_email
NULL,NO,<blank>,NULL,<blank>,PRIMARY,BTREE,0,A,ccledu_wp186,1,ccledu_wp186,wp3w_users,<blank>,def,1,ID
NULL,NO,<blank>,NULL,<blank>,user_login_key,BTREE,1,A,ccledu_wp186,1,ccledu_wp186,wp3w_users,<blank>,def,NULL,user_login
NULL,NO,<blank>,NULL,<blank>,user_nicename,BTREE,1,A,ccledu_wp186,1,ccledu_wp186,wp3w_users,<blank>,def,NULL,user_nicename
NULL,NO,<blank>,NULL,<blank>,user_email,BTREE,1,A,ccledu_wp186,1,ccledu_wp186,wp3w_users,<blank>,def,NULL,user_email
NULL,NO,<blank>,NULL,<blank>,PRIMARY,BTREE,0,A,ccledu_wp186,1,ccledu_wp186,wp3w_postmeta,<blank>,def,189,meta_id
NULL,NO,<blank>,NULL,<blank>,post_id,BTREE,1,A,ccledu_wp186,1,ccledu_wp186,wp3w_postmeta,<blank>,def,NULL,post_id
NULL,NO,YES,191,<blank>,meta_key,BTREE,1,A,ccledu_wp186,1,ccledu_wp186,wp3w_postmeta,<blank>,def,NULL,meta_key
NULL,NO,<blank>,NULL,<blank>,PRIMARY,BTREE,0,A,ccledu_wp186,1,ccledu_wp186,wp3w_options,<blank>,def,213,option_id
NULL,NO,<blank>,NULL,<blank>,option_name,BTREE,0,A,ccledu_wp186,1,ccledu_wp186,wp3w_options,<blank>,def,213,option_name
NULL,NO,<blank>,NULL,<blank>,autoload,BTREE,1,A,ccledu_wp186,1,ccledu_wp186,wp3w_options,<blank>,def,5,autoload
NULL,NO,<blank>,NULL,<blank>,PRIMARY,BTREE,0,A,ccledu_wp186,1,ccledu_wp186,wp3w_pmxi_history,<blank>,def,0,id
NULL,NO,<blank>,NULL,<blank>,PRIMARY,BTREE,0,A,ccledu_wp186,1,ccledu_wp186,wp3w_term_taxonomy,<blank>,def,2,term_taxonomy_id
NULL,NO,<blank>,NULL,<blank>,term_id_taxonomy,BTREE,0,A,ccledu_wp186,1,ccledu_wp186,wp3w_term_taxonomy,<blank>,def,NULL,term_id
NULL,NO,<blank>,NULL,<blank>,term_id_taxonomy,BTREE,0,A,ccledu_wp186,2,ccledu_wp186,wp3w_term_taxonomy,<blank>,def,2,taxonomy
NULL,NO,<blank>,NULL,<blank>,taxonomy,BTREE,1,A,ccledu_wp186,1,ccledu_wp186,wp3w_term_taxonomy,<blank>,def,NULL,taxonomy
NULL,NO,<blank>,NULL,<blank>,PRIMARY,BTREE,0,A,ccledu_wp186,1,ccledu_wp186,wp3w_term_relationships,<blank>,def,NULL,object_id
NULL,NO,<blank>,NULL,<blank>,PRIMARY,BTREE,0,A,ccledu_wp186,2,ccledu_wp186,wp3w_term_relationships,<blank>,def,6,term_taxonomy_id
NULL,NO,<blank>,NULL,<blank>,term_taxonomy_id,BTREE,1,A,ccledu_wp186,1,ccledu_wp186,wp3w_term_relationships,<blank>,def,NULL,term_taxonomy_id
NULL,NO,<blank>,NULL,<blank>,PRIMARY,BTREE,0,A,ccledu_wp186,1,ccledu_wp186,wp3w_commentmeta,<blank>,def,0,meta_id
NULL,NO,<blank>,NULL,<blank>,comment_id,BTREE,1,A,ccledu_wp186,1,ccledu_wp186,wp3w_commentmeta,<blank>,def,NULL,comment_id
NULL,NO,YES,191,<blank>,meta_key,BTREE,1,A,ccledu_wp186,1,ccledu_wp186,wp3w_commentmeta,<blank>,def,NULL,meta_key
NULL,NO,<blank>,NULL,<blank>,PRIMARY,BTREE,0,A,ccledu_wp186,1,ccledu_wp186,wp3w_pmxi_files,<blank>,def,0,id
NULL,NO,<blank>,NULL,<blank>,PRIMARY,BTREE,0,A,ccledu_wp186,1,ccledu_wp186,wp3w_posts,<blank>,def,97,ID
NULL,NO,<blank>,191,<blank>,post_name,BTREE,1,A,ccledu_wp186,1,ccledu_wp186,wp3w_posts,<blank>,def,NULL,post_name
NULL,NO,<blank>,NULL,<blank>,type_status_date,BTREE,1,A,ccledu_wp186,1,ccledu_wp186,wp3w_posts,<blank>,def,NULL,post_type
NULL,NO,<blank>,NULL,<blank>,type_status_date,BTREE,1,A,ccledu_wp186,2,ccledu_wp186,wp3w_posts,<blank>,def,NULL,post_status
NULL,NO,<blank>,NULL,<blank>,type_status_date,BTREE,1,A,ccledu_wp186,3,ccledu_wp186,wp3w_posts,<blank>,def,NULL,post_date
NULL,NO,<blank>,NULL,<blank>,type_status_date,BTREE,1,A,ccledu_wp186,4,ccledu_wp186,wp3w_posts,<blank>,def,NULL,ID
NULL,NO,<blank>,NULL,<blank>,post_parent,BTREE,1,A,ccledu_wp186,1,ccledu_wp186,wp3w_posts,<blank>,def,NULL,post_parent
NULL,NO,<blank>,NULL,<blank>,post_author,BTREE,1,A,ccledu_wp186,1,ccledu_wp186,wp3w_posts,<blank>,def,NULL,post_author
NULL,NO,<blank>,NULL,<blank>,PRIMARY,BTREE,0,A,ccledu_wp186,1,ccledu_wp186,wp3w_terms,<blank>,def,2,term_id
NULL,NO,<blank>,191,<blank>,slug,BTREE,1,A,ccledu_wp186,1,ccledu_wp186,wp3w_terms,<blank>,def,NULL,slug
NULL,NO,<blank>,191,<blank>,name,BTREE,1,A,ccledu_wp186,1,ccledu_wp186,wp3w_terms,<blank>,def,NULL,name
NULL,NO,<blank>,NULL,<blank>,PRIMARY,BTREE,0,A,ccledu_wp186,1,ccledu_wp186,wp3w_links,<blank>,def,0,link_id
NULL,NO,<blank>,NULL,<blank>,link_visible,BTREE,1,A,ccledu_wp186,1,ccledu_wp186,wp3w_links,<blank>,def,NULL,link_visible
NULL,NO,<blank>,NULL,<blank>,PRIMARY,BTREE,0,A,ccledu_wp186,1,ccledu_wp186,wp3w_wpxlsdata_shortcode,<blank>,def,0,id_shortcode
NULL,NO,<blank>,NULL,<blank>,PRIMARY,BTREE,0,A,ccledu_wp186,1,ccledu_wp186,wp3w_wpxlsdata_meta,<blank>,def,0,id_meta
NULL,NO,<blank>,NULL,<blank>,PRIMARY,BTREE,0,A,ccledu_wp186,1,ccledu_wp186,wp3w_pmxi_hash,<blank>,def,0,hash
NULL,NO,<blank>,NULL,<blank>,PRIMARY,BTREE,0,A,ccledu_wp186,1,ccledu_wp186,wp3w_pmxi_images,<blank>,def,0,id
NULL,NO,<blank>,NULL,<blank>,PRIMARY,BTREE,0,A,ccledu_wp186,1,ccledu_wp186,wp3w_usermeta,<blank>,def,24,umeta_id
NULL,NO,<blank>,NULL,<blank>,user_id,BTREE,1,A,ccledu_wp186,1,ccledu_wp186,wp3w_usermeta,<blank>,def,NULL,user_id
NULL,NO,YES,191,<blank>,meta_key,BTREE,1,A,ccledu_wp186,1,ccledu_wp186,wp3w_usermeta,<blank>,def,NULL,meta_key
NULL,NO,<blank>,NULL,<blank>,PRIMARY,BTREE,0,A,ccledu_wp186,1,ccledu_wp186,wp3w_pmxi_templates,<blank>,def,0,id

