object_id,activity_id,app,link,file,type,user,message,priority,subject,timestamp,object_type,affecteduser,messageparams,subjectparams
484,1,files,https://dc.ccl.edu.pk/index.php/apps/files/?dir=/,/New presentation.odp,file_created,admin,<blank>,30,created_self,1730440717,files,admin,[],"[{""484"":""\\/New presentation.odp""}]"
484,2,files,https://dc.ccl.edu.pk/index.php/apps/files/?dir=/,/New presentation.odp,file_changed,admin,<blank>,30,changed_self,1730440717,files,admin,[],"[{""484"":""\\/New presentation.odp""}]"
528,3,files,https://dc.ccl.edu.pk/index.php/apps/files/?dir=/,/New document.odt,file_created,admin,<blank>,30,created_self,1730636673,files,admin,[],"[{""528"":""\\/New document.odt""}]"
528,4,files,https://dc.ccl.edu.pk/index.php/apps/files/?dir=/,/New document.odt,file_changed,admin,<blank>,30,changed_self,1730636673,files,admin,[],"[{""528"":""\\/New document.odt""}]"
584,5,files,https://dc.ccl.edu.pk/index.php/apps/files/?dir=/,/New whiteboard.whiteboard,file_created,admin,<blank>,30,created_self,1730638108,files,admin,[],"[{""584"":""\\/New whiteboard.whiteboard""}]"
627,6,files,https://dc.ccl.edu.pk/index.php/apps/files/?dir=/,/New spreadsheet.ods,file_created,admin,<blank>,30,created_self,1730638497,files,admin,[],"[{""627"":""\\/New spreadsheet.ods""}]"
627,7,files,https://dc.ccl.edu.pk/index.php/apps/files/?dir=/,/New spreadsheet.ods,file_changed,admin,<blank>,30,changed_self,1730638497,files,admin,[],"[{""627"":""\\/New spreadsheet.ods""}]"
627,8,files,https://dc.ccl.edu.pk/index.php/apps/files/?dir=/,/New spreadsheet.ods,file_changed,admin,<blank>,30,changed_self,1730638502,files,admin,[],"[{""627"":""\\/New spreadsheet.ods""}]"
627,9,files,https://dc.ccl.edu.pk/index.php/apps/files/?dir=/,/New spreadsheet.ods,file_deleted,admin,<blank>,30,deleted_self,1730638549,files,admin,[],"[{""627"":""\\/New spreadsheet.ods""}]"
484,10,files,https://dc.ccl.edu.pk/index.php/apps/files/?dir=/,/New presentation.odp,file_deleted,admin,<blank>,30,deleted_self,1730638550,files,admin,[],"[{""484"":""\\/New presentation.odp""}]"
584,11,files,https://dc.ccl.edu.pk/index.php/apps/files/?dir=/,/New whiteboard.whiteboard,file_deleted,admin,<blank>,30,deleted_self,1730638550,files,admin,[],"[{""584"":""\\/New whiteboard.whiteboard""}]"
528,12,files,https://dc.ccl.edu.pk/index.php/apps/files/?dir=/,/New document.odt,file_deleted,admin,<blank>,30,deleted_self,1730638550,files,admin,[],"[{""528"":""\\/New document.odt""}]"
8,13,settings,<blank>,<blank>,security,admin,<blank>,30,app_token_created,1730660513,app_token,admin,[],"{""name"":""Xiaomi 2201116TG (Android)""}"
657,14,files,https://dc.ccl.edu.pk/index.php/apps/files/?dir=/Documents,/Documents/NIC.docx,file_created,admin,<blank>,30,created_self,1730660718,files,admin,[],"[{""657"":""\\/Documents\\/NIC.docx""}]"
667,15,files,https://dc.ccl.edu.pk/index.php/apps/files/?dir=/Documents,/Documents/NIC (1).docx,file_created,admin,<blank>,30,created_self,1730660721,files,admin,[],"[{""667"":""\\/Documents\\/NIC (1).docx""}]"
674,16,files,https://dc.ccl.edu.pk/index.php/apps/files/?dir=/Documents,/Documents/System_Administrator_interview_questions.docx,file_created,admin,<blank>,30,created_self,1730660724,files,admin,[],"[{""674"":""\\/Documents\\/System_Administrator_interview_questions.docx""}]"
684,17,files,https://dc.ccl.edu.pk/index.php/apps/files/?dir=/Documents,/Documents/1409844771724071361.xlsx,file_created,admin,<blank>,30,created_self,1730660728,files,admin,[],"[{""684"":""\\/Documents\\/1409844771724071361.xlsx""}]"
695,18,files,https://dc.ccl.edu.pk/index.php/apps/files/?dir=/Documents,/Documents/Test series 3.docx,file_created,admin,<blank>,30,created_self,1730660731,files,admin,[],"[{""695"":""\\/Documents\\/Test series 3.docx""}]"
705,19,files,https://dc.ccl.edu.pk/index.php/apps/files/?dir=/Documents,/Documents/System_Administrator_interview_Question_with_Answer.doc,file_created,admin,<blank>,30,created_self,1730660734,files,admin,[],"[{""705"":""\\/Documents\\/System_Administrator_interview_Question_with_Answer.doc""}]"
19,20,files,https://dc.ccl.edu.pk/index.php/apps/files/?dir=/Documents,/Documents/Welcome to Nextcloud Hub.docx,file_changed,admin,<blank>,30,changed_self,1730660897,files,admin,[],"[{""19"":""\\/Documents\\/Welcome to Nextcloud Hub.docx""}]"
733,21,files,https://dc.ccl.edu.pk/index.php/apps/files/?dir=/Documents,/Documents/Intro Ch 01B.ppt,file_created,admin,<blank>,30,created_self,1730664330,files,admin,[],"[{""733"":""\\/Documents\\/Intro Ch 01B.ppt""}]"
734,22,files,https://dc.ccl.edu.pk/index.php/apps/files/?dir=/Documents,/Documents/Computer-Basics--CTE_I__-_Computer_Basics.ppt,file_created,admin,<blank>,30,created_self,1730664330,files,admin,[],"[{""734"":""\\/Documents\\/Computer-Basics--CTE_I__-_Computer_Basics.ppt""}]"
734,23,files,https://dc.ccl.edu.pk/index.php/apps/files/?dir=/Documents,/Documents/Computer-Basics--CTE_I__-_Computer_Basics.ppt,file_changed,admin,<blank>,30,changed_self,1730664502,files,admin,[],"[{""734"":""\\/Documents\\/Computer-Basics--CTE_I__-_Computer_Basics.ppt""}]"
733,24,files,https://dc.ccl.edu.pk/index.php/apps/files/?dir=/Documents,/Documents/Intro Ch 01B.ppt,file_changed,admin,<blank>,30,changed_self,1730664896,files,admin,[],"[{""733"":""\\/Documents\\/Intro Ch 01B.ppt""}]"
667,25,files,https://dc.ccl.edu.pk/index.php/apps/files/?dir=/Documents,/Documents/NIC (1).docx,file_changed,admin,<blank>,30,changed_self,1730664988,files,admin,[],"[{""667"":""\\/Documents\\/NIC (1).docx""}]"
674,26,files,https://dc.ccl.edu.pk/index.php/apps/files/?dir=/Documents,/Documents/System_Administrator_interview_questions.docx,file_changed,admin,<blank>,30,changed_self,1730665174,files,admin,[],"[{""674"":""\\/Documents\\/System_Administrator_interview_questions.docx""}]"
762,27,files,https://dc.ccl.edu.pk/index.php/apps/files/?dir=/Photos,/Photos/IMG-20241031-WA0011.jpg,file_created,admin,<blank>,30,created_self,1730665341,files,admin,[],"[{""762"":""\\/Photos\\/IMG-20241031-WA0011.jpg""}]"
733,28,files,https://dc.ccl.edu.pk/index.php/apps/files/?dir=/Documents,/Documents/Intro Ch 01B.ppt,file_changed,admin,<blank>,30,changed_self,1730694407,files,admin,[],"[{""733"":""\\/Documents\\/Intro Ch 01B.ppt""}]"
840,29,files,https://dc.ccl.edu.pk/index.php/apps/files/?dir=/Documents,/Documents/New presentation.odp,file_created,admin,<blank>,30,created_self,1730705484,files,admin,[],"[{""840"":""\\/Documents\\/New presentation.odp""}]"
840,30,files,https://dc.ccl.edu.pk/index.php/apps/files/?dir=/Documents,/Documents/New presentation.odp,file_changed,admin,<blank>,30,changed_self,1730705484,files,admin,[],"[{""840"":""\\/Documents\\/New presentation.odp""}]"
734,31,files,https://dc.ccl.edu.pk/index.php/apps/files/?dir=/Documents,/Documents/Computer-Basics--CTE_I__-_Computer_Basics.ppt,file_changed,admin,<blank>,30,changed_self,1730741850,files,admin,[],"[{""734"":""\\/Documents\\/Computer-Basics--CTE_I__-_Computer_Basics.ppt""}]"
28,32,settings,<blank>,<blank>,security,admin,<blank>,30,app_token_created,1731411314,app_token,admin,[],"{""name"":""Xiaomi 2201116TG (Android)""}"
30,33,settings,<blank>,<blank>,security,admin,<blank>,30,app_token_created,1731412979,app_token,admin,[],"{""name"":""Xiaomi 23053RN02A (Android)""}"
865,34,files,https://dc.ccl.edu.pk/index.php/apps/files/?dir=/,/Empty.odt,file_created,admin,<blank>,30,created_self,1731413018,files,admin,[],"[{""865"":""\\/Empty.odt""}]"
893,35,files,https://dc.ccl.edu.pk/index.php/apps/files/?dir=/,/New whiteboard.whiteboard,file_created,admin,<blank>,30,created_self,1732597761,files,admin,[],"[{""893"":""\\/New whiteboard.whiteboard""}]"
734,36,files,https://dc.ccl.edu.pk/index.php/apps/files/?dir=/Documents,/Documents/Computer-Basics--CTE_I__-_Computer_Basics.ppt,file_changed,admin,<blank>,30,changed_self,1732599259,files,admin,[],"[{""734"":""\\/Documents\\/Computer-Basics--CTE_I__-_Computer_Basics.ppt""}]"
912,37,files,https://dc.ccl.edu.pk/index.php/apps/files/?dir=/,/Intro Ch 01B (5).pdf,file_created,admin,<blank>,30,created_self,1732601843,files,admin,[],"[{""912"":""\\/Intro Ch 01B (5).pdf""}]"
922,38,files,https://dc.ccl.edu.pk/index.php/apps/files/?dir=/,/New document.odt,file_created,admin,<blank>,30,created_self,1732602128,files,admin,[],"[{""922"":""\\/New document.odt""}]"
922,39,files,https://dc.ccl.edu.pk/index.php/apps/files/?dir=/,/New document.odt,file_changed,admin,<blank>,30,changed_self,1732602130,files,admin,[],"[{""922"":""\\/New document.odt""}]"
1,40,dav,<blank>,<blank>,calendar,admin,<blank>,30,calendar_add,1732602648,calendar,system,[],"{""actor"":""admin"",""calendar"":{""id"":1,""uri"":""contact_birthdays"",""name"":""Contact birthdays""}}"
944,41,files,https://dc.ccl.edu.pk/index.php/apps/files/?dir=/,/Nextcloud intro.mp4,file_created,physics.mudassir,<blank>,30,created_self,1732602814,files,physics.mudassir,[],"[{""944"":""\\/Nextcloud intro.mp4""}]"
944,42,files,https://dc.ccl.edu.pk/index.php/apps/files/?dir=/,/Nextcloud intro.mp4,file_changed,physics.mudassir,<blank>,30,changed_self,1732602814,files,physics.mudassir,[],"[{""944"":""\\/Nextcloud intro.mp4""}]"
945,43,files,https://dc.ccl.edu.pk/index.php/apps/files/?dir=/,/Documents,file_created,physics.mudassir,<blank>,30,created_self,1732602814,files,physics.mudassir,[],"[{""945"":""\\/Documents""}]"
946,44,files,https://dc.ccl.edu.pk/index.php/apps/files/?dir=/Documents,/Documents/Example.md,file_created,physics.mudassir,<blank>,30,created_self,1732602814,files,physics.mudassir,[],"[{""946"":""\\/Documents\\/Example.md""}]"
946,45,files,https://dc.ccl.edu.pk/index.php/apps/files/?dir=/Documents,/Documents/Example.md,file_changed,physics.mudassir,<blank>,30,changed_self,1732602814,files,physics.mudassir,[],"[{""946"":""\\/Documents\\/Example.md""}]"
947,46,files,https://dc.ccl.edu.pk/index.php/apps/files/?dir=/Documents,/Documents/Readme.md,file_created,physics.mudassir,<blank>,30,created_self,1732602814,files,physics.mudassir,[],"[{""947"":""\\/Documents\\/Readme.md""}]"
947,47,files,https://dc.ccl.edu.pk/index.php/apps/files/?dir=/Documents,/Documents/Readme.md,file_changed,physics.mudassir,<blank>,30,changed_self,1732602814,files,physics.mudassir,[],"[{""947"":""\\/Documents\\/Readme.md""}]"
948,48,files,https://dc.ccl.edu.pk/index.php/apps/files/?dir=/Documents,/Documents/Nextcloud flyer.pdf,file_created,physics.mudassir,<blank>,30,created_self,1732602814,files,physics.mudassir,[],"[{""948"":""\\/Documents\\/Nextcloud flyer.pdf""}]"
948,49,files,https://dc.ccl.edu.pk/index.php/apps/files/?dir=/Documents,/Documents/Nextcloud flyer.pdf,file_changed,physics.mudassir,<blank>,30,changed_self,1732602814,files,physics.mudassir,[],"[{""948"":""\\/Documents\\/Nextcloud flyer.pdf""}]"
949,50,files,https://dc.ccl.edu.pk/index.php/apps/files/?dir=/Documents,/Documents/Welcome to Nextcloud Hub.docx,file_created,physics.mudassir,<blank>,30,created_self,1732602814,files,physics.mudassir,[],"[{""949"":""\\/Documents\\/Welcome to Nextcloud Hub.docx""}]"
949,51,files,https://dc.ccl.edu.pk/index.php/apps/files/?dir=/Documents,/Documents/Welcome to Nextcloud Hub.docx,file_changed,physics.mudassir,<blank>,30,changed_self,1732602814,files,physics.mudassir,[],"[{""949"":""\\/Documents\\/Welcome to Nextcloud Hub.docx""}]"
950,52,files,https://dc.ccl.edu.pk/index.php/apps/files/?dir=/,/Nextcloud.png,file_created,physics.mudassir,<blank>,30,created_self,1732602815,files,physics.mudassir,[],"[{""950"":""\\/Nextcloud.png""}]"
950,53,files,https://dc.ccl.edu.pk/index.php/apps/files/?dir=/,/Nextcloud.png,file_changed,physics.mudassir,<blank>,30,changed_self,1732602815,files,physics.mudassir,[],"[{""950"":""\\/Nextcloud.png""}]"
951,54,files,https://dc.ccl.edu.pk/index.php/apps/files/?dir=/,/Reasons to use Nextcloud.pdf,file_created,physics.mudassir,<blank>,30,created_self,1732602815,files,physics.mudassir,[],"[{""951"":""\\/Reasons to use Nextcloud.pdf""}]"
951,55,files,https://dc.ccl.edu.pk/index.php/apps/files/?dir=/,/Reasons to use Nextcloud.pdf,file_changed,physics.mudassir,<blank>,30,changed_self,1732602815,files,physics.mudassir,[],"[{""951"":""\\/Reasons to use Nextcloud.pdf""}]"
952,56,files,https://dc.ccl.edu.pk/index.php/apps/files/?dir=/,/Templates credits.md,file_created,physics.mudassir,<blank>,30,created_self,1732602815,files,physics.mudassir,[],"[{""952"":""\\/Templates credits.md""}]"
952,57,files,https://dc.ccl.edu.pk/index.php/apps/files/?dir=/,/Templates credits.md,file_changed,physics.mudassir,<blank>,30,changed_self,1732602815,files,physics.mudassir,[],"[{""952"":""\\/Templates credits.md""}]"
953,58,files,https://dc.ccl.edu.pk/index.php/apps/files/?dir=/,/Photos,file_created,physics.mudassir,<blank>,30,created_self,1732602815,files,physics.mudassir,[],"[{""953"":""\\/Photos""}]"
954,59,files,https://dc.ccl.edu.pk/index.php/apps/files/?dir=/Photos,/Photos/Toucan.jpg,file_created,physics.mudassir,<blank>,30,created_self,1732602815,files,physics.mudassir,[],"[{""954"":""\\/Photos\\/Toucan.jpg""}]"
954,60,files,https://dc.ccl.edu.pk/index.php/apps/files/?dir=/Photos,/Photos/Toucan.jpg,file_changed,physics.mudassir,<blank>,30,changed_self,1732602815,files,physics.mudassir,[],"[{""954"":""\\/Photos\\/Toucan.jpg""}]"
955,61,files,https://dc.ccl.edu.pk/index.php/apps/files/?dir=/Photos,/Photos/Frog.jpg,file_created,physics.mudassir,<blank>,30,created_self,1732602815,files,physics.mudassir,[],"[{""955"":""\\/Photos\\/Frog.jpg""}]"
955,62,files,https://dc.ccl.edu.pk/index.php/apps/files/?dir=/Photos,/Photos/Frog.jpg,file_changed,physics.mudassir,<blank>,30,changed_self,1732602815,files,physics.mudassir,[],"[{""955"":""\\/Photos\\/Frog.jpg""}]"
956,63,files,https://dc.ccl.edu.pk/index.php/apps/files/?dir=/Photos,/Photos/Vineyard.jpg,file_created,physics.mudassir,<blank>,30,created_self,1732602815,files,physics.mudassir,[],"[{""956"":""\\/Photos\\/Vineyard.jpg""}]"
956,64,files,https://dc.ccl.edu.pk/index.php/apps/files/?dir=/Photos,/Photos/Vineyard.jpg,file_changed,physics.mudassir,<blank>,30,changed_self,1732602815,files,physics.mudassir,[],"[{""956"":""\\/Photos\\/Vineyard.jpg""}]"
957,65,files,https://dc.ccl.edu.pk/index.php/apps/files/?dir=/Photos,/Photos/Steps.jpg,file_created,physics.mudassir,<blank>,30,created_self,1732602815,files,physics.mudassir,[],"[{""957"":""\\/Photos\\/Steps.jpg""}]"
957,66,files,https://dc.ccl.edu.pk/index.php/apps/files/?dir=/Photos,/Photos/Steps.jpg,file_changed,physics.mudassir,<blank>,30,changed_self,1732602815,files,physics.mudassir,[],"[{""957"":""\\/Photos\\/Steps.jpg""}]"
958,67,files,https://dc.ccl.edu.pk/index.php/apps/files/?dir=/Photos,/Photos/Library.jpg,file_created,physics.mudassir,<blank>,30,created_self,1732602815,files,physics.mudassir,[],"[{""958"":""\\/Photos\\/Library.jpg""}]"
958,68,files,https://dc.ccl.edu.pk/index.php/apps/files/?dir=/Photos,/Photos/Library.jpg,file_changed,physics.mudassir,<blank>,30,changed_self,1732602815,files,physics.mudassir,[],"[{""958"":""\\/Photos\\/Library.jpg""}]"
959,69,files,https://dc.ccl.edu.pk/index.php/apps/files/?dir=/Photos,/Photos/Readme.md,file_created,physics.mudassir,<blank>,30,created_self,1732602815,files,physics.mudassir,[],"[{""959"":""\\/Photos\\/Readme.md""}]"
959,70,files,https://dc.ccl.edu.pk/index.php/apps/files/?dir=/Photos,/Photos/Readme.md,file_changed,physics.mudassir,<blank>,30,changed_self,1732602815,files,physics.mudassir,[],"[{""959"":""\\/Photos\\/Readme.md""}]"
960,71,files,https://dc.ccl.edu.pk/index.php/apps/files/?dir=/Photos,/Photos/Birdie.jpg,file_created,physics.mudassir,<blank>,30,created_self,1732602815,files,physics.mudassir,[],"[{""960"":""\\/Photos\\/Birdie.jpg""}]"
960,72,files,https://dc.ccl.edu.pk/index.php/apps/files/?dir=/Photos,/Photos/Birdie.jpg,file_changed,physics.mudassir,<blank>,30,changed_self,1732602815,files,physics.mudassir,[],"[{""960"":""\\/Photos\\/Birdie.jpg""}]"
961,73,files,https://dc.ccl.edu.pk/index.php/apps/files/?dir=/Photos,/Photos/Nextcloud community.jpg,file_created,physics.mudassir,<blank>,30,created_self,1732602815,files,physics.mudassir,[],"[{""961"":""\\/Photos\\/Nextcloud community.jpg""}]"
961,74,files,https://dc.ccl.edu.pk/index.php/apps/files/?dir=/Photos,/Photos/Nextcloud community.jpg,file_changed,physics.mudassir,<blank>,30,changed_self,1732602815,files,physics.mudassir,[],"[{""961"":""\\/Photos\\/Nextcloud community.jpg""}]"
962,75,files,https://dc.ccl.edu.pk/index.php/apps/files/?dir=/Photos,/Photos/Gorilla.jpg,file_created,physics.mudassir,<blank>,30,created_self,1732602815,files,physics.mudassir,[],"[{""962"":""\\/Photos\\/Gorilla.jpg""}]"
962,76,files,https://dc.ccl.edu.pk/index.php/apps/files/?dir=/Photos,/Photos/Gorilla.jpg,file_changed,physics.mudassir,<blank>,30,changed_self,1732602815,files,physics.mudassir,[],"[{""962"":""\\/Photos\\/Gorilla.jpg""}]"
963,77,files,https://dc.ccl.edu.pk/index.php/apps/files/?dir=/,/Nextcloud Manual.pdf,file_created,physics.mudassir,<blank>,30,created_self,1732602815,files,physics.mudassir,[],"[{""963"":""\\/Nextcloud Manual.pdf""}]"
963,78,files,https://dc.ccl.edu.pk/index.php/apps/files/?dir=/,/Nextcloud Manual.pdf,file_changed,physics.mudassir,<blank>,30,changed_self,1732602816,files,physics.mudassir,[],"[{""963"":""\\/Nextcloud Manual.pdf""}]"
964,79,files,https://dc.ccl.edu.pk/index.php/apps/files/?dir=/,/Readme.md,file_created,physics.mudassir,<blank>,30,created_self,1732602816,files,physics.mudassir,[],"[{""964"":""\\/Readme.md""}]"
964,80,files,https://dc.ccl.edu.pk/index.php/apps/files/?dir=/,/Readme.md,file_changed,physics.mudassir,<blank>,30,changed_self,1732602816,files,physics.mudassir,[],"[{""964"":""\\/Readme.md""}]"
965,81,files,https://dc.ccl.edu.pk/index.php/apps/files/?dir=/,/Templates,file_created,physics.mudassir,<blank>,30,created_self,1732602816,files,physics.mudassir,[],"[{""965"":""\\/Templates""}]"
966,82,files,https://dc.ccl.edu.pk/index.php/apps/files/?dir=/Templates,/Templates/Elegant.odp,file_created,physics.mudassir,<blank>,30,created_self,1732602816,files,physics.mudassir,[],"[{""966"":""\\/Templates\\/Elegant.odp""}]"
966,83,files,https://dc.ccl.edu.pk/index.php/apps/files/?dir=/Templates,/Templates/Elegant.odp,file_changed,physics.mudassir,<blank>,30,changed_self,1732602816,files,physics.mudassir,[],"[{""966"":""\\/Templates\\/Elegant.odp""}]"
967,84,files,https://dc.ccl.edu.pk/index.php/apps/files/?dir=/Templates,/Templates/Timeline.whiteboard,file_created,physics.mudassir,<blank>,30,created_self,1732602816,files,physics.mudassir,[],"[{""967"":""\\/Templates\\/Timeline.whiteboard""}]"
967,85,files,https://dc.ccl.edu.pk/index.php/apps/files/?dir=/Templates,/Templates/Timeline.whiteboard,file_changed,physics.mudassir,<blank>,30,changed_self,1732602816,files,physics.mudassir,[],"[{""967"":""\\/Templates\\/Timeline.whiteboard""}]"
968,86,files,https://dc.ccl.edu.pk/index.php/apps/files/?dir=/Templates,/Templates/Party invitation.odt,file_created,physics.mudassir,<blank>,30,created_self,1732602816,files,physics.mudassir,[],"[{""968"":""\\/Templates\\/Party invitation.odt""}]"
968,87,files,https://dc.ccl.edu.pk/index.php/apps/files/?dir=/Templates,/Templates/Party invitation.odt,file_changed,physics.mudassir,<blank>,30,changed_self,1732602816,files,physics.mudassir,[],"[{""968"":""\\/Templates\\/Party invitation.odt""}]"
969,88,files,https://dc.ccl.edu.pk/index.php/apps/files/?dir=/Templates,/Templates/Yellow idea.odp,file_created,physics.mudassir,<blank>,30,created_self,1732602816,files,physics.mudassir,[],"[{""969"":""\\/Templates\\/Yellow idea.odp""}]"
969,89,files,https://dc.ccl.edu.pk/index.php/apps/files/?dir=/Templates,/Templates/Yellow idea.odp,file_changed,physics.mudassir,<blank>,30,changed_self,1732602816,files,physics.mudassir,[],"[{""969"":""\\/Templates\\/Yellow idea.odp""}]"
970,90,files,https://dc.ccl.edu.pk/index.php/apps/files/?dir=/Templates,/Templates/Expense report.ods,file_created,physics.mudassir,<blank>,30,created_self,1732602816,files,physics.mudassir,[],"[{""970"":""\\/Templates\\/Expense report.ods""}]"
970,91,files,https://dc.ccl.edu.pk/index.php/apps/files/?dir=/Templates,/Templates/Expense report.ods,file_changed,physics.mudassir,<blank>,30,changed_self,1732602816,files,physics.mudassir,[],"[{""970"":""\\/Templates\\/Expense report.ods""}]"
971,92,files,https://dc.ccl.edu.pk/index.php/apps/files/?dir=/Templates,/Templates/Diagram & table.ods,file_created,physics.mudassir,<blank>,30,created_self,1732602816,files,physics.mudassir,[],"[{""971"":""\\/Templates\\/Diagram & table.ods""}]"
971,93,files,https://dc.ccl.edu.pk/index.php/apps/files/?dir=/Templates,/Templates/Diagram & table.ods,file_changed,physics.mudassir,<blank>,30,changed_self,1732602816,files,physics.mudassir,[],"[{""971"":""\\/Templates\\/Diagram & table.ods""}]"
972,94,files,https://dc.ccl.edu.pk/index.php/apps/files/?dir=/Templates,/Templates/Venn diagram.whiteboard,file_created,physics.mudassir,<blank>,30,created_self,1732602816,files,physics.mudassir,[],"[{""972"":""\\/Templates\\/Venn diagram.whiteboard""}]"
972,95,files,https://dc.ccl.edu.pk/index.php/apps/files/?dir=/Templates,/Templates/Venn diagram.whiteboard,file_changed,physics.mudassir,<blank>,30,changed_self,1732602816,files,physics.mudassir,[],"[{""972"":""\\/Templates\\/Venn diagram.whiteboard""}]"
973,96,files,https://dc.ccl.edu.pk/index.php/apps/files/?dir=/Templates,/Templates/Simple.odp,file_created,physics.mudassir,<blank>,30,created_self,1732602816,files,physics.mudassir,[],"[{""973"":""\\/Templates\\/Simple.odp""}]"
973,97,files,https://dc.ccl.edu.pk/index.php/apps/files/?dir=/Templates,/Templates/Simple.odp,file_changed,physics.mudassir,<blank>,30,changed_self,1732602816,files,physics.mudassir,[],"[{""973"":""\\/Templates\\/Simple.odp""}]"
974,98,files,https://dc.ccl.edu.pk/index.php/apps/files/?dir=/Templates,/Templates/Mindmap.odg,file_created,physics.mudassir,<blank>,30,created_self,1732602816,files,physics.mudassir,[],"[{""974"":""\\/Templates\\/Mindmap.odg""}]"
974,99,files,https://dc.ccl.edu.pk/index.php/apps/files/?dir=/Templates,/Templates/Mindmap.odg,file_changed,physics.mudassir,<blank>,30,changed_self,1732602816,files,physics.mudassir,[],"[{""974"":""\\/Templates\\/Mindmap.odg""}]"
975,100,files,https://dc.ccl.edu.pk/index.php/apps/files/?dir=/Templates,/Templates/Meeting agenda.whiteboard,file_created,physics.mudassir,<blank>,30,created_self,1732602816,files,physics.mudassir,[],"[{""975"":""\\/Templates\\/Meeting agenda.whiteboard""}]"
975,101,files,https://dc.ccl.edu.pk/index.php/apps/files/?dir=/Templates,/Templates/Meeting agenda.whiteboard,file_changed,physics.mudassir,<blank>,30,changed_self,1732602816,files,physics.mudassir,[],"[{""975"":""\\/Templates\\/Meeting agenda.whiteboard""}]"
976,102,files,https://dc.ccl.edu.pk/index.php/apps/files/?dir=/Templates,/Templates/Kanban board.whiteboard,file_created,physics.mudassir,<blank>,30,created_self,1732602816,files,physics.mudassir,[],"[{""976"":""\\/Templates\\/Kanban board.whiteboard""}]"
976,103,files,https://dc.ccl.edu.pk/index.php/apps/files/?dir=/Templates,/Templates/Kanban board.whiteboard,file_changed,physics.mudassir,<blank>,30,changed_self,1732602816,files,physics.mudassir,[],"[{""976"":""\\/Templates\\/Kanban board.whiteboard""}]"
977,104,files,https://dc.ccl.edu.pk/index.php/apps/files/?dir=/Templates,/Templates/Flowchart.whiteboard,file_created,physics.mudassir,<blank>,30,created_self,1732602816,files,physics.mudassir,[],"[{""977"":""\\/Templates\\/Flowchart.whiteboard""}]"
977,105,files,https://dc.ccl.edu.pk/index.php/apps/files/?dir=/Templates,/Templates/Flowchart.whiteboard,file_changed,physics.mudassir,<blank>,30,changed_self,1732602816,files,physics.mudassir,[],"[{""977"":""\\/Templates\\/Flowchart.whiteboard""}]"
978,106,files,https://dc.ccl.edu.pk/index.php/apps/files/?dir=/Templates,/Templates/Business model canvas.odg,file_created,physics.mudassir,<blank>,30,created_self,1732602816,files,physics.mudassir,[],"[{""978"":""\\/Templates\\/Business model canvas.odg""}]"
978,107,files,https://dc.ccl.edu.pk/index.php/apps/files/?dir=/Templates,/Templates/Business model canvas.odg,file_changed,physics.mudassir,<blank>,30,changed_self,1732602816,files,physics.mudassir,[],"[{""978"":""\\/Templates\\/Business model canvas.odg""}]"
979,108,files,https://dc.ccl.edu.pk/index.php/apps/files/?dir=/Templates,/Templates/Gotong royong.odp,file_created,physics.mudassir,<blank>,30,created_self,1732602817,files,physics.mudassir,[],"[{""979"":""\\/Templates\\/Gotong royong.odp""}]"
979,109,files,https://dc.ccl.edu.pk/index.php/apps/files/?dir=/Templates,/Templates/Gotong royong.odp,file_changed,physics.mudassir,<blank>,30,changed_self,1732602817,files,physics.mudassir,[],"[{""979"":""\\/Templates\\/Gotong royong.odp""}]"
980,110,files,https://dc.ccl.edu.pk/index.php/apps/files/?dir=/Templates,/Templates/Meeting notes.md,file_created,physics.mudassir,<blank>,30,created_self,1732602817,files,physics.mudassir,[],"[{""980"":""\\/Templates\\/Meeting notes.md""}]"
980,111,files,https://dc.ccl.edu.pk/index.php/apps/files/?dir=/Templates,/Templates/Meeting notes.md,file_changed,physics.mudassir,<blank>,30,changed_self,1732602817,files,physics.mudassir,[],"[{""980"":""\\/Templates\\/Meeting notes.md""}]"
981,112,files,https://dc.ccl.edu.pk/index.php/apps/files/?dir=/Templates,/Templates/Invoice.odt,file_created,physics.mudassir,<blank>,30,created_self,1732602817,files,physics.mudassir,[],"[{""981"":""\\/Templates\\/Invoice.odt""}]"
981,113,files,https://dc.ccl.edu.pk/index.php/apps/files/?dir=/Templates,/Templates/Invoice.odt,file_changed,physics.mudassir,<blank>,30,changed_self,1732602817,files,physics.mudassir,[],"[{""981"":""\\/Templates\\/Invoice.odt""}]"
982,114,files,https://dc.ccl.edu.pk/index.php/apps/files/?dir=/Templates,/Templates/Product plan.md,file_created,physics.mudassir,<blank>,30,created_self,1732602817,files,physics.mudassir,[],"[{""982"":""\\/Templates\\/Product plan.md""}]"
982,115,files,https://dc.ccl.edu.pk/index.php/apps/files/?dir=/Templates,/Templates/Product plan.md,file_changed,physics.mudassir,<blank>,30,changed_self,1732602817,files,physics.mudassir,[],"[{""982"":""\\/Templates\\/Product plan.md""}]"
983,116,files,https://dc.ccl.edu.pk/index.php/apps/files/?dir=/Templates,/Templates/Brainstorming.whiteboard,file_created,physics.mudassir,<blank>,30,created_self,1732602817,files,physics.mudassir,[],"[{""983"":""\\/Templates\\/Brainstorming.whiteboard""}]"
983,117,files,https://dc.ccl.edu.pk/index.php/apps/files/?dir=/Templates,/Templates/Brainstorming.whiteboard,file_changed,physics.mudassir,<blank>,30,changed_self,1732602817,files,physics.mudassir,[],"[{""983"":""\\/Templates\\/Brainstorming.whiteboard""}]"
984,118,files,https://dc.ccl.edu.pk/index.php/apps/files/?dir=/Templates,/Templates/Flowchart.odg,file_created,physics.mudassir,<blank>,30,created_self,1732602817,files,physics.mudassir,[],"[{""984"":""\\/Templates\\/Flowchart.odg""}]"
984,119,files,https://dc.ccl.edu.pk/index.php/apps/files/?dir=/Templates,/Templates/Flowchart.odg,file_changed,physics.mudassir,<blank>,30,changed_self,1732602817,files,physics.mudassir,[],"[{""984"":""\\/Templates\\/Flowchart.odg""}]"
985,120,files,https://dc.ccl.edu.pk/index.php/apps/files/?dir=/Templates,/Templates/Business model canvas.whiteboard,file_created,physics.mudassir,<blank>,30,created_self,1732602817,files,physics.mudassir,[],"[{""985"":""\\/Templates\\/Business model canvas.whiteboard""}]"
985,121,files,https://dc.ccl.edu.pk/index.php/apps/files/?dir=/Templates,/Templates/Business model canvas.whiteboard,file_changed,physics.mudassir,<blank>,30,changed_self,1732602817,files,physics.mudassir,[],"[{""985"":""\\/Templates\\/Business model canvas.whiteboard""}]"
986,122,files,https://dc.ccl.edu.pk/index.php/apps/files/?dir=/Templates,/Templates/Resume.odt,file_created,physics.mudassir,<blank>,30,created_self,1732602817,files,physics.mudassir,[],"[{""986"":""\\/Templates\\/Resume.odt""}]"
986,123,files,https://dc.ccl.edu.pk/index.php/apps/files/?dir=/Templates,/Templates/Resume.odt,file_changed,physics.mudassir,<blank>,30,changed_self,1732602817,files,physics.mudassir,[],"[{""986"":""\\/Templates\\/Resume.odt""}]"
987,124,files,https://dc.ccl.edu.pk/index.php/apps/files/?dir=/Templates,/Templates/Impact effort.whiteboard,file_created,physics.mudassir,<blank>,30,created_self,1732602817,files,physics.mudassir,[],"[{""987"":""\\/Templates\\/Impact effort.whiteboard""}]"
987,125,files,https://dc.ccl.edu.pk/index.php/apps/files/?dir=/Templates,/Templates/Impact effort.whiteboard,file_changed,physics.mudassir,<blank>,30,changed_self,1732602817,files,physics.mudassir,[],"[{""987"":""\\/Templates\\/Impact effort.whiteboard""}]"
988,126,files,https://dc.ccl.edu.pk/index.php/apps/files/?dir=/Templates,/Templates/Business model canvas.ods,file_created,physics.mudassir,<blank>,30,created_self,1732602817,files,physics.mudassir,[],"[{""988"":""\\/Templates\\/Business model canvas.ods""}]"
988,127,files,https://dc.ccl.edu.pk/index.php/apps/files/?dir=/Templates,/Templates/Business model canvas.ods,file_changed,physics.mudassir,<blank>,30,changed_self,1732602817,files,physics.mudassir,[],"[{""988"":""\\/Templates\\/Business model canvas.ods""}]"
989,128,files,https://dc.ccl.edu.pk/index.php/apps/files/?dir=/Templates,/Templates/Photo book.odt,file_created,physics.mudassir,<blank>,30,created_self,1732602817,files,physics.mudassir,[],"[{""989"":""\\/Templates\\/Photo book.odt""}]"
989,129,files,https://dc.ccl.edu.pk/index.php/apps/files/?dir=/Templates,/Templates/Photo book.odt,file_changed,physics.mudassir,<blank>,30,changed_self,1732602817,files,physics.mudassir,[],"[{""989"":""\\/Templates\\/Photo book.odt""}]"
990,130,files,https://dc.ccl.edu.pk/index.php/apps/files/?dir=/Templates,/Templates/Readme.md,file_created,physics.mudassir,<blank>,30,created_self,1732602817,files,physics.mudassir,[],"[{""990"":""\\/Templates\\/Readme.md""}]"
990,131,files,https://dc.ccl.edu.pk/index.php/apps/files/?dir=/Templates,/Templates/Readme.md,file_changed,physics.mudassir,<blank>,30,changed_self,1732602817,files,physics.mudassir,[],"[{""990"":""\\/Templates\\/Readme.md""}]"
991,132,files,https://dc.ccl.edu.pk/index.php/apps/files/?dir=/Templates,/Templates/Sticky notes.whiteboard,file_created,physics.mudassir,<blank>,30,created_self,1732602817,files,physics.mudassir,[],"[{""991"":""\\/Templates\\/Sticky notes.whiteboard""}]"
991,133,files,https://dc.ccl.edu.pk/index.php/apps/files/?dir=/Templates,/Templates/Sticky notes.whiteboard,file_changed,physics.mudassir,<blank>,30,changed_self,1732602817,files,physics.mudassir,[],"[{""991"":""\\/Templates\\/Sticky notes.whiteboard""}]"
992,134,files,https://dc.ccl.edu.pk/index.php/apps/files/?dir=/Templates,/Templates/Modern company.odp,file_created,physics.mudassir,<blank>,30,created_self,1732602817,files,physics.mudassir,[],"[{""992"":""\\/Templates\\/Modern company.odp""}]"
992,135,files,https://dc.ccl.edu.pk/index.php/apps/files/?dir=/Templates,/Templates/Modern company.odp,file_changed,physics.mudassir,<blank>,30,changed_self,1732602817,files,physics.mudassir,[],"[{""992"":""\\/Templates\\/Modern company.odp""}]"
993,136,files,https://dc.ccl.edu.pk/index.php/apps/files/?dir=/Templates,/Templates/Letter.odt,file_created,physics.mudassir,<blank>,30,created_self,1732602818,files,physics.mudassir,[],"[{""993"":""\\/Templates\\/Letter.odt""}]"
993,137,files,https://dc.ccl.edu.pk/index.php/apps/files/?dir=/Templates,/Templates/Letter.odt,file_changed,physics.mudassir,<blank>,30,changed_self,1732602818,files,physics.mudassir,[],"[{""993"":""\\/Templates\\/Letter.odt""}]"
994,138,files,https://dc.ccl.edu.pk/index.php/apps/files/?dir=/Templates,/Templates/Timesheet.ods,file_created,physics.mudassir,<blank>,30,created_self,1732602818,files,physics.mudassir,[],"[{""994"":""\\/Templates\\/Timesheet.ods""}]"
994,139,files,https://dc.ccl.edu.pk/index.php/apps/files/?dir=/Templates,/Templates/Timesheet.ods,file_changed,physics.mudassir,<blank>,30,changed_self,1732602818,files,physics.mudassir,[],"[{""994"":""\\/Templates\\/Timesheet.ods""}]"
995,140,files,https://dc.ccl.edu.pk/index.php/apps/files/?dir=/Templates,/Templates/Mother's day.odt,file_created,physics.mudassir,<blank>,30,created_self,1732602818,files,physics.mudassir,[],"[{""995"":""\\/Templates\\/Mother's day.odt""}]"
995,141,files,https://dc.ccl.edu.pk/index.php/apps/files/?dir=/Templates,/Templates/Mother's day.odt,file_changed,physics.mudassir,<blank>,30,changed_self,1732602818,files,physics.mudassir,[],"[{""995"":""\\/Templates\\/Mother's day.odt""}]"
996,142,files,https://dc.ccl.edu.pk/index.php/apps/files/?dir=/Templates,/Templates/Org chart.odg,file_created,physics.mudassir,<blank>,30,created_self,1732602818,files,physics.mudassir,[],"[{""996"":""\\/Templates\\/Org chart.odg""}]"
996,143,files,https://dc.ccl.edu.pk/index.php/apps/files/?dir=/Templates,/Templates/Org chart.odg,file_changed,physics.mudassir,<blank>,30,changed_self,1732602818,files,physics.mudassir,[],"[{""996"":""\\/Templates\\/Org chart.odg""}]"
997,144,files,https://dc.ccl.edu.pk/index.php/apps/files/?dir=/Templates,/Templates/Mind map.whiteboard,file_created,physics.mudassir,<blank>,30,created_self,1732602818,files,physics.mudassir,[],"[{""997"":""\\/Templates\\/Mind map.whiteboard""}]"
997,145,files,https://dc.ccl.edu.pk/index.php/apps/files/?dir=/Templates,/Templates/Mind map.whiteboard,file_changed,physics.mudassir,<blank>,30,changed_self,1732602818,files,physics.mudassir,[],"[{""997"":""\\/Templates\\/Mind map.whiteboard""}]"
998,146,files,https://dc.ccl.edu.pk/index.php/apps/files/?dir=/Templates,/Templates/Syllabus.odt,file_created,physics.mudassir,<blank>,30,created_self,1732602818,files,physics.mudassir,[],"[{""998"":""\\/Templates\\/Syllabus.odt""}]"
998,147,files,https://dc.ccl.edu.pk/index.php/apps/files/?dir=/Templates,/Templates/Syllabus.odt,file_changed,physics.mudassir,<blank>,30,changed_self,1732602818,files,physics.mudassir,[],"[{""998"":""\\/Templates\\/Syllabus.odt""}]"
1136,148,files,https://dc.ccl.edu.pk/index.php/apps/files/?dir=/Documents,/Documents/1559623062679.jpg,file_created,physics.mudassir,<blank>,30,created_self,1732602904,files,physics.mudassir,[],"[{""1136"":""\\/Documents\\/1559623062679.jpg""}]"
1146,149,files,https://dc.ccl.edu.pk/index.php/apps/files/?dir=/Documents,/Documents/Intro Ch 01B (5).pdf,file_created,physics.mudassir,<blank>,30,created_self,1732602939,files,physics.mudassir,[],"[{""1146"":""\\/Documents\\/Intro Ch 01B (5).pdf""}]"
0,150,settings,<blank>,<blank>,personal_settings,admin,<blank>,30,password_changed_by,1732603187,<blank>,physics.mudassir,[],"[""admin""]"

