id,ip,subnet,action,metadata,occurred
6,221.120.201.148,221.120.201.148/32,login,"{""user"":""physics.mudasir""}",1732602739
7,221.120.201.148,221.120.201.148/32,login,"{""user"":""physics.mudasir""}",1732602755
8,221.120.201.148,221.120.201.148/32,login,"{""user"":""physics.mudasir""}",1732602771
10,193.36.237.177,193.36.237.177/32,login,"{""user"":""admin""}",1744416091
11,212.102.51.88,212.102.51.88/32,login,"{""user"":""ali.raza""}",1745347142
12,212.102.51.88,212.102.51.88/32,passwordResetEmail,[],1745347154
13,212.102.51.88,212.102.51.88/32,passwordResetEmail,[],1745347158
14,212.102.51.88,212.102.51.88/32,passwordResetEmail,[],1745347159
15,212.102.51.88,212.102.51.88/32,login,"{""user"":""rashid.ali""}",1745347196
16,149.34.244.183,149.34.244.183/32,login,"{""user"":""ali.raza""}",1745571852
17,149.34.244.183,149.34.244.183/32,login,"{""user"":""ali.raza""}",1745579263
18,149.34.244.183,149.34.244.183/32,login,"{""user"":""admin""}",1745583525
19,106.219.166.212,106.219.166.212/32,login,"{""user"":""Muhammad Huzaifa""}",1745650347
20,106.219.166.212,106.219.166.212/32,login,"{""user"":""admin""}",1745650510
21,143.244.44.182,143.244.44.182/32,login,"{""user"":""rashid.ali""}",1745694339
22,143.244.44.182,143.244.44.182/32,login,"{""user"":""rashid.ali""}",1745694372
23,143.244.44.182,143.244.44.182/32,login,"{""user"":""rashid.ali""}",1745694412
24,143.244.44.182,143.244.44.182/32,passwordResetEmail,[],1745694627
25,143.244.44.182,143.244.44.182/32,passwordResetEmail,[],1745694662
26,62.171.150.92,62.171.150.92/32,login,"{""user"":""ali.raza""}",1746238133
27,62.171.150.92,62.171.150.92/32,login,"{""user"":""ali.raza""}",1746238173
28,62.171.150.92,62.171.150.92/32,login,"{""user"":""rashid.ali""}",1746238205
29,62.171.150.92,62.171.150.92/32,login,"{""user"":""admin""}",1746238320
30,62.171.150.92,62.171.150.92/32,login,"{""user"":""admin""}",1746238431
31,62.171.150.92,62.171.150.92/32,login,"{""user"":""admin""}",1746238484
32,2.58.56.35,2.58.56.35/32,login,"{""user"":""admin""}",1746239734
33,2.58.56.35,2.58.56.35/32,login,"{""user"":""rashid.ali""}",1746239849
34,185.107.56.42,185.107.56.42/32,login,"{""user"":""rashid.ali""}",1746266610
35,185.252.220.151,185.252.220.151/32,login,"{""user"":""rashid.ali""}",1746272214
36,185.252.220.151,185.252.220.151/32,login,"{""user"":""ali.raza""}",1746272260
37,109.236.63.123,109.236.63.123/32,login,"{""user"":""a.hafeez""}",1746771084
38,109.236.63.123,109.236.63.123/32,login,"{""user"":""abdul.ghafoor""}",1746771129
39,109.236.63.123,109.236.63.123/32,login,"{""user"":""muhammad.moosa""}",1746771194
40,109.236.63.123,109.236.63.123/32,login,"{""user"":""principal""}",1746771246
41,109.236.63.123,109.236.63.123/32,login,"{""user"":""principal'or 1=1--""}",1746771392
42,109.236.63.123,109.236.63.123/32,login,"{""user"":""'or 1=1--""}",1746771429

