id,file_id,size,metadata,mimetype,timestamp
1,4,1095,"{""author"": ""admin""}",4,1730438842
2,5,136,"{""author"": ""admin""}",4,1730438842
3,6,24295,"{""author"": ""admin""}",6,1730438842
5,8,50598,"{""author"": ""admin""}",9,1730438842
6,10,567689,"{""author"": ""admin""}",10,1730438842
7,11,593508,"{""author"": ""admin""}",10,1730438842
8,12,150,"{""author"": ""admin""}",4,1730438842
10,14,2170375,"{""author"": ""admin""}",10,1730438842
11,15,167989,"{""author"": ""admin""}",10,1730438842
12,16,474653,"{""author"": ""admin""}",10,1730438842
13,17,457744,"{""author"": ""admin""}",10,1730438842
15,19,206,"{""author"": ""admin""}",4,1730438842
16,20,12860592,"{""author"": ""admin""}",7,1730438842
17,21,976625,"{""author"": ""admin""}",7,1730438842
18,23,15961,"{""author"": ""admin""}",11,1730438842
19,24,27629,"{""author"": ""admin""}",12,1730438842
20,25,45778,"{""author"": ""admin""}",12,1730438842
21,26,13441,"{""author"": ""admin""}",13,1730438842
22,27,340061,"{""author"": ""admin""}",11,1730438842
23,28,13653,"{""author"": ""admin""}",14,1730438842
24,29,30290,"{""author"": ""admin""}",12,1730438842
25,30,554,"{""author"": ""admin""}",4,1730438842
26,31,17276,"{""author"": ""admin""}",11,1730438842
27,32,13878,"{""author"": ""admin""}",14,1730438842
28,33,14316,"{""author"": ""admin""}",15,1730438842
29,34,30354,"{""author"": ""admin""}",11,1730438842
30,35,3509628,"{""author"": ""admin""}",15,1730438842
31,36,317015,"{""author"": ""admin""}",15,1730438842
32,37,39404,"{""author"": ""admin""}",11,1730438842
33,38,31325,"{""author"": ""admin""}",12,1730438842
34,39,16988,"{""author"": ""admin""}",14,1730438842
35,40,868111,"{""author"": ""admin""}",11,1730438842
36,41,31132,"{""author"": ""admin""}",12,1730438842
37,42,88394,"{""author"": ""admin""}",13,1730438842
38,43,5155877,"{""author"": ""admin""}",11,1730438842
39,44,25621,"{""author"": ""admin""}",12,1730438842
40,45,23359,"{""author"": ""admin""}",12,1730438842
41,46,13378,"{""author"": ""admin""}",13,1730438842
42,47,52843,"{""author"": ""admin""}",13,1730438842
43,48,326,"{""author"": ""admin""}",4,1730438842
44,49,35657,"{""author"": ""admin""}",12,1730438842
45,50,14810,"{""author"": ""admin""}",15,1730438842
46,51,573,"{""author"": ""admin""}",4,1730438842
47,52,11836,"{""author"": ""admin""}",14,1730438842
48,53,81196,"{""author"": ""admin""}",15,1730438842
49,54,30780,"{""author"": ""admin""}",12,1730438842
50,55,30671,"{""author"": ""admin""}",12,1730438842
51,56,3963036,"{""author"": ""admin""}",17,1730438842
52,57,2403,"{""author"": ""admin""}",4,1730438842
53,7,3963036,[],17,1729503350
59,657,490141,"{""author"":""admin""}",6,1710701264
60,667,490141,"{""author"":""admin""}",6,1710701280
61,674,60136,"{""author"":""admin""}",6,1725652572
62,684,17816,"{""author"":""admin""}",33,1724162168
63,695,54551,"{""author"":""admin""}",6,1728116141
64,705,94720,"{""author"":""admin""}",34,1725652781
65,19,23894,"{""author"":""admin""}",6,1730660897
68,734,1313792,"{""author"":""admin""}",35,1730664502
69,733,1047040,"{""author"":""admin""}",35,1730664896
70,667,242684,"{""author"":""admin""}",6,1730664988
71,674,52225,"{""author"":""admin""}",6,1730665174
72,762,126843,"{""author"":""admin""}",10,1730665341
73,733,1045504,"{""author"":""admin""}",35,1730694407
74,840,668,"{""author"":""admin""}",15,1730705484
75,18,1083339,[],7,1729503348
76,734,1328128,"{""author"":""admin""}",35,1730741850
77,13,12860592,[],7,1729503348
78,865,0,"{""author"":""admin""}",11,1731413018
79,893,45778,"{""author"":""admin""}",12,1732597761
80,734,1328640,"{""author"":""admin""}",35,1732599259
81,912,482594,"{""author"":""admin""}",7,1732601762
82,922,39404,"{""author"":""admin""}",11,1732602128
83,922,33205,"{""author"":""admin""}",11,1732602130
84,944,3963036,"{""author"":""physics.mudassir""}",17,1732602814
85,946,1095,"{""author"":""physics.mudassir""}",4,1732602814
86,947,136,"{""author"":""physics.mudassir""}",4,1732602814
87,948,1083339,"{""author"":""physics.mudassir""}",7,1732602814
88,949,24295,"{""author"":""physics.mudassir""}",6,1732602814
89,950,50598,"{""author"":""physics.mudassir""}",9,1732602815
90,951,976625,"{""author"":""physics.mudassir""}",7,1732602815
91,952,2403,"{""author"":""physics.mudassir""}",4,1732602815
92,954,167989,"{""author"":""physics.mudassir""}",10,1732602815
93,955,457744,"{""author"":""physics.mudassir""}",10,1732602815
94,956,427030,"{""author"":""physics.mudassir""}",10,1732602815
95,957,567689,"{""author"":""physics.mudassir""}",10,1732602815
96,958,2170375,"{""author"":""physics.mudassir""}",10,1732602815
97,959,150,"{""author"":""physics.mudassir""}",4,1732602815
98,960,593508,"{""author"":""physics.mudassir""}",10,1732602815
99,961,797325,"{""author"":""physics.mudassir""}",10,1732602815
100,962,474653,"{""author"":""physics.mudassir""}",10,1732602815
101,963,12860592,"{""author"":""physics.mudassir""}",7,1732602815
102,964,206,"{""author"":""physics.mudassir""}",4,1732602816
103,966,14316,"{""author"":""physics.mudassir""}",15,1732602816
104,967,31325,"{""author"":""physics.mudassir""}",12,1732602816
105,968,868111,"{""author"":""physics.mudassir""}",11,1732602816
106,969,81196,"{""author"":""physics.mudassir""}",15,1732602816
107,970,13441,"{""author"":""physics.mudassir""}",13,1732602816
108,971,13378,"{""author"":""physics.mudassir""}",13,1732602816
109,972,23359,"{""author"":""physics.mudassir""}",12,1732602816
110,973,14810,"{""author"":""physics.mudassir""}",15,1732602816
111,974,13653,"{""author"":""physics.mudassir""}",14,1732602816
112,975,27629,"{""author"":""physics.mudassir""}",12,1732602816
113,976,25621,"{""author"":""physics.mudassir""}",12,1732602816
114,977,31132,"{""author"":""physics.mudassir""}",12,1732602816
115,978,16988,"{""author"":""physics.mudassir""}",14,1732602816
116,979,3509628,"{""author"":""physics.mudassir""}",15,1732602817
117,980,326,"{""author"":""physics.mudassir""}",4,1732602817
118,981,17276,"{""author"":""physics.mudassir""}",11,1732602817
119,982,573,"{""author"":""physics.mudassir""}",4,1732602817
120,983,30780,"{""author"":""physics.mudassir""}",12,1732602817
121,984,11836,"{""author"":""physics.mudassir""}",14,1732602817
122,985,30290,"{""author"":""physics.mudassir""}",12,1732602817
123,986,39404,"{""author"":""physics.mudassir""}",11,1732602817
124,987,30671,"{""author"":""physics.mudassir""}",12,1732602817
125,988,52843,"{""author"":""physics.mudassir""}",13,1732602817
126,989,5155877,"{""author"":""physics.mudassir""}",11,1732602817
127,990,554,"{""author"":""physics.mudassir""}",4,1732602817
128,991,45778,"{""author"":""physics.mudassir""}",12,1732602817
129,992,317015,"{""author"":""physics.mudassir""}",15,1732602817
130,993,15961,"{""author"":""physics.mudassir""}",11,1732602818
131,994,88394,"{""author"":""physics.mudassir""}",13,1732602818
132,995,340061,"{""author"":""physics.mudassir""}",11,1732602818
133,996,13878,"{""author"":""physics.mudassir""}",14,1732602818
134,997,35657,"{""author"":""physics.mudassir""}",12,1732602818
135,998,30354,"{""author"":""physics.mudassir""}",11,1732602818
136,1136,13219,"{""author"":""physics.mudassir""}",10,1730886310
137,1146,482594,"{""author"":""physics.mudassir""}",7,1732601762

